"Symbol","Name","LastSale","MarketCap","ADR TSO","IPOyear","Sector","Industry","Summary Quote",
"VNET","21Vianet Group, Inc.","10.27","637322350.08","62056704","2011","Technology","Computer Software: Programming, Data Processing","https://www.nasdaq.com/symbol/vnet",
"TWOU","2U, Inc.","52.51","3041516356.12","n/a","2014","Technology","Computer Software: Prepackaged Software","https://www.nasdaq.com/symbol/twou",
"DDD","3D Systems Corporation","12.78","1459227339.54","n/a","n/a","Technology","Computer Software: Prepackaged Software","https://www.nasdaq.com/symbol/ddd",
"JOBS","51job, Inc.","65.88","2400414945.48","36436171","2004","Technology","Diversified Commercial Services","https://www.nasdaq.com/symbol/jobs",
"WUBA","58.com Inc.","57.17","8431973571.6","n/a","2013","Technology","Computer Software: Programming, Data Processing","https://www.nasdaq.com/symbol/wuba",
"EGHT","8x8 Inc","18.03","1719542393.43","n/a","n/a","Technology","EDP Services","https://www.nasdaq.com/symbol/eght",
"ATEN","A10 Networks, Inc.","6.21","458288169.57","n/a","2014","Technology","Computer Communications Equipment","https://www.nasdaq.com/symbol/aten",
"AAN","Aaron&#39;s,  Inc.","49.06","3560691447.06","n/a","n/a","Technology","Diversified Commercial Services","https://www.nasdaq.com/symbol/aan",
"ACIA","Acacia Communications, Inc.","43.28","1750383297.36","n/a","2016","Technology","Semiconductors","https://www.nasdaq.com/symbol/acia",
"ACIW","ACI Worldwide, Inc.","29.13","3378487058.85","n/a","n/a","Technology","Computer Software: Prepackaged Software","https://www.nasdaq.com/symbol/aciw",
"ACMR","ACM Research, Inc.","11.3","179462984","n/a","2017","Technology","Industrial Machinery/Components","https://www.nasdaq.com/symbol/acmr",
"ATVI","Activision Blizzard, Inc","53.89","41120803193.02","n/a","n/a","Technology","Computer Software: Prepackaged Software","https://www.nasdaq.com/symbol/atvi",
"ATU","Actuant Corporation","25.03","1527230780.36","n/a","n/a","Technology","Industrial Machinery/Components","https://www.nasdaq.com/symbol/atu",
"IOTS","Adesto Technologies Corporation","4.82","141074083.24","n/a","2015","Technology","Semiconductors","https://www.nasdaq.com/symbol/iots",
"ADBE","Adobe Inc.","236.67","115526561835.09","n/a","1986","Technology","Computer Software: Prepackaged Software","https://www.nasdaq.com/symbol/adbe",
"AMD","Advanced Micro Devices, Inc.","19.03","19018719320.48","n/a","n/a","Technology","Semiconductors","https://www.nasdaq.com/symbol/amd",
"AER","Aercap Holdings N.V.","51.6","7583191573.2","n/a","2006","Technology","Diversified Commercial Services","https://www.nasdaq.com/symbol/aer",
"ACY","AeroCentury Corp.","12.1292","17183425.5108","n/a","n/a","Technology","Diversified Commercial Services","https://www.nasdaq.com/symbol/acy",
"HIVE","Aerohive Networks, Inc.","3.95","219443909","n/a","2014","Technology","EDP Services","https://www.nasdaq.com/symbol/hive",
"AGYS","Agilysys, Inc.","16.36","384923167.96","n/a","n/a","Technology","EDP Services","https://www.nasdaq.com/symbol/agys",
"AGMH","AGM Group Holdings Inc.","21","447637155","n/a","2018","Technology","EDP Services","https://www.nasdaq.com/symbol/agmh",
"AL","Air Lease Corporation","38.5","4006664777.5","n/a","2011","Technology","Diversified Commercial Services","https://www.nasdaq.com/symbol/al",
"AYR","Aircastle Limited","19.03","1450606946.25","n/a","2006","Technology","Diversified Commercial Services","https://www.nasdaq.com/symbol/ayr",
"AIRG","Airgain, Inc.","12.55","124429623.05","n/a","2016","Technology","Radio And Television Broadcasting And Communications Equipment","https://www.nasdaq.com/symbol/airg",
"AMCN","AirMedia Group Inc","0.3327","15030637.0923","45177749","2007","Technology","Advertising","https://www.nasdaq.com/symbol/amcn",
"ALRM","Alarm.com Holdings, Inc.","47.19","2265267846.27","n/a","2015","Technology","Computer Software: Prepackaged Software","https://www.nasdaq.com/symbol/alrm",
"ALYA","Alithya Group inc.","3.85","186354826.35","n/a","n/a","Technology","Computer Software: Programming, Data Processing","https://www.nasdaq.com/symbol/alya",
"ALLT","Allot Communications Ltd.","7.19","242406032.7","n/a","2006","Technology","Computer Communications Equipment","https://www.nasdaq.com/symbol/allt",
"MDRX","Allscripts Healthcare Solutions, Inc.","10.16","1775096343.12","n/a","n/a","Technology","EDP Services","https://www.nasdaq.com/symbol/mdrx",
"AOSL","Alpha and Omega Semiconductor Limited","10.26","244064223.36","n/a","2010","Technology","Semiconductors","https://www.nasdaq.com/symbol/aosl",
"GOOG","Alphabet Inc.","1038.63","722331849502.74","n/a","2004","Technology","Computer Software: Programming, Data Processing","https://www.nasdaq.com/symbol/goog",
"GOOGL","Alphabet Inc.","1049.36","729794199661.28","n/a","n/a","Technology","Computer Software: Programming, Data Processing","https://www.nasdaq.com/symbol/googl",
"AABA","Altaba Inc.","59.95","36125709993.45","n/a","n/a","Technology","EDP Services","https://www.nasdaq.com/symbol/aaba",
"ALTR","Altair Engineering Inc.","32.3","2271607352.3","n/a","2017","Technology","Computer Software: Prepackaged Software","https://www.nasdaq.com/symbol/altr",
"AYX","Alteryx, Inc.","55.59","3412293088.62","n/a","2017","Technology","Computer Software: Prepackaged Software","https://www.nasdaq.com/symbol/ayx",
"AMBA","Ambarella, Inc.","33.87","1085757075.87","n/a","2012","Technology","Semiconductors","https://www.nasdaq.com/symbol/amba",
"AMBR","Amber Road, Inc.","8.77","241356495.15","n/a","2014","Technology","Computer Software: Prepackaged Software","https://www.nasdaq.com/symbol/ambr",
"DOX","Amdocs Limited","66.37","9387638280","n/a","n/a","Technology","EDP Services","https://www.nasdaq.com/symbol/dox",
"AMRH","Ameri Holdings, Inc.","0.26","5947096.22","n/a","n/a","Technology","Semiconductors","https://www.nasdaq.com/symbol/amrh",
"AMRHW","Ameri Holdings, Inc.","0.03","0","n/a","n/a","Technology","Semiconductors","https://www.nasdaq.com/symbol/amrhw",
"AMSWA","American Software, Inc.","11.89","367476275.59","n/a","n/a","Technology","Computer Software: Prepackaged Software","https://www.nasdaq.com/symbol/amswa",
"AMKR","Amkor Technology, Inc.","6.51","1559359563.09","n/a","1998","Technology","Semiconductors","https://www.nasdaq.com/symbol/amkr",
"AMN","AMN Healthcare Services Inc","57.77","2707557254.29","n/a","n/a","Technology","Professional Services","https://www.nasdaq.com/symbol/amn",
"ASYS","Amtech Systems, Inc.","4.89","73290073.05","n/a","n/a","Technology","Industrial Machinery/Components","https://www.nasdaq.com/symbol/asys",
"ADI","Analog Devices, Inc.","84.2","31294611137.2","n/a","n/a","Technology","Semiconductors","https://www.nasdaq.com/symbol/adi",
"PLAN","Anaplan, Inc.","22.72","0","n/a","2018","Technology","Computer Software: Prepackaged Software","https://www.nasdaq.com/symbol/plan",
"ANSS","ANSYS, Inc.","159.09","13293563263.62","n/a","1996","Technology","Computer Software: Prepackaged Software","https://www.nasdaq.com/symbol/anss",
"APY","Apergy Corporation","37.73","2918069515.9","n/a","2018","Technology","Industrial Machinery/Components","https://www.nasdaq.com/symbol/apy",
"APPF","AppFolio, Inc.","57.97","1985503108.16","n/a","2015","Technology","Computer Software: Prepackaged Software","https://www.nasdaq.com/symbol/appf",
"APPN","Appian Corporation","26.46","1684733786.82","n/a","2017","Technology","Computer Software: Prepackaged Software","https://www.nasdaq.com/symbol/appn",
"AAPL","Apple Inc.","194.17","921413929660","n/a","1980","Technology","Computer Manufacturing","https://www.nasdaq.com/symbol/aapl",
"AMAT","Applied Materials, Inc.","32.62","32065150795.02","n/a","1972","Technology","Semiconductors","https://www.nasdaq.com/symbol/amat",
"AAOI","Applied Optoelectronics, Inc.","19.625","388548761.375","n/a","2013","Technology","Semiconductors","https://www.nasdaq.com/symbol/aaoi",
"APTI","Apptio, Inc.","37.65","1698184010.85","n/a","2016","Technology","Computer Software: Prepackaged Software","https://www.nasdaq.com/symbol/apti",
"AQ","Aquantia Corp.","9.96","341231641.8","n/a","2017","Technology","Semiconductors","https://www.nasdaq.com/symbol/aq",
"ANET","Arista Networks, Inc.","236.62","17847607726","n/a","2014","Technology","Computer Communications Equipment","https://www.nasdaq.com/symbol/anet",
"ARRS","ARRIS International plc","30.78","5350947345.54","n/a","n/a","Technology","Radio And Television Broadcasting And Communications Equipment","https://www.nasdaq.com/symbol/arrs",
"ASX","ASE Technology Holding Co., Ltd.","3.85","8037266006","n/a","2018","Technology","Semiconductors","https://www.nasdaq.com/symbol/asx",
"ASGN","ASGN Incorporated","68.24","3572509487.68","n/a","1992","Technology","Professional Services","https://www.nasdaq.com/symbol/asgn",
"ASML","ASML Holding N.V.","169","12237719767","72412543","1995","Technology","Industrial Machinery/Components","https://www.nasdaq.com/symbol/asml",
"AZPN","Aspen Technology, Inc.","81.67","5779775854.59","n/a","1994","Technology","EDP Services","https://www.nasdaq.com/symbol/azpn",
"ALOT","AstroNova, Inc.","18.92","129761136.12","n/a","1983","Technology","Computer peripheral equipment","https://www.nasdaq.com/symbol/alot",
"ASUR","Asure Software Inc","7.115","108309631.455","n/a","n/a","Technology","EDP Services","https://www.nasdaq.com/symbol/asur",
"TEAM","Atlassian Corporation Plc","70.8","16860777510","n/a","2015","Technology","Computer Software: Prepackaged Software","https://www.nasdaq.com/symbol/team",
"ATOM","Atomera Incorporated","3.6","44670690","n/a","2016","Technology","Semiconductors","https://www.nasdaq.com/symbol/atom",
"ATTU","Attunity Ltd.","21.88","466850321.76","n/a","n/a","Technology","Computer Software: Prepackaged Software","https://www.nasdaq.com/symbol/attu",
"AUO","AU Optronics Corp","3.93","3782328328.23","n/a","2002","Technology","Semiconductors","https://www.nasdaq.com/symbol/auo",
"AEYE","AudioEye, Inc.","5.67","42410324.25","n/a","n/a","Technology","Computer Software: Prepackaged Software","https://www.nasdaq.com/symbol/aeye",
"JG","Aurora Mobile Limited","6.24","56534400","9060000","2018","Technology","Computer Software: Programming, Data Processing","https://www.nasdaq.com/symbol/jg",
"ADSK","Autodesk, Inc.","130.11","28444210119.63","n/a","n/a","Technology","Computer Software: Prepackaged Software","https://www.nasdaq.com/symbol/adsk",
"ATHM","Autohome Inc.","64.46","7550899577.76","n/a","2013","Technology","EDP Services","https://www.nasdaq.com/symbol/athm",
"ADP","Automatic Data Processing, Inc.","144.17","63107894380.83","n/a","n/a","Technology","EDP Services","https://www.nasdaq.com/symbol/adp",
"AUTO","AutoWeb, Inc.","2.16","27969732","n/a","n/a","Technology","Computer Software: Programming, Data Processing","https://www.nasdaq.com/symbol/auto",
"AVLR","Avalara, Inc.","30.99","2059975058.49","n/a","2018","Technology","Computer Software: Prepackaged Software","https://www.nasdaq.com/symbol/avlr",
"AVNW","Aviat Networks, Inc.","15.1","81095501.3","n/a","n/a","Technology","Radio And Television Broadcasting And Communications Equipment","https://www.nasdaq.com/symbol/avnw",
"AVID","Avid Technology, Inc.","5.6","234374834.4","n/a","1993","Technology","Computer Software: Prepackaged Software","https://www.nasdaq.com/symbol/avid",
"AWRE","Aware, Inc.","3.75","80794173.75","n/a","1996","Technology","Computer Software: Prepackaged Software","https://www.nasdaq.com/symbol/awre",
"ACLS","Axcelis Technologies, Inc.","16.2","525076781.4","n/a","2000","Technology","Industrial Machinery/Components","https://www.nasdaq.com/symbol/acls",
"AXTI","AXT Inc","5.5","217458015.5","n/a","1998","Technology","Semiconductors","https://www.nasdaq.com/symbol/axti",
"BOSC","B.O.S. Better Online Solutions","2.13","7569410.82","n/a","n/a","Technology","Computer Communications Equipment","https://www.nasdaq.com/symbol/bosc",
"BIDU","Baidu, Inc.","180.43","50653272260.6","280736420","2005","Technology","Computer Software: Programming, Data Processing","https://www.nasdaq.com/symbol/bidu",
"BAND","Bandwidth Inc.","47.31","915681123.27","n/a","2017","Technology","Computer Software: Prepackaged Software","https://www.nasdaq.com/symbol/band",
"BBSI","Barrett Business Services, Inc.","76.61","565465994.39","n/a","1993","Technology","Professional Services","https://www.nasdaq.com/symbol/bbsi",
"BHE","Benchmark Electronics, Inc.","23.3","1018451294.8","n/a","n/a","Technology","Electrical Products","https://www.nasdaq.com/symbol/bhe",
"BNFT","Benefitfocus, Inc.","42.56","1360240880.32","n/a","2013","Technology","Computer Software: Prepackaged Software","https://www.nasdaq.com/symbol/bnft",
"BGSF","BG Staffing Inc","25.99","264003223.23","n/a","n/a","Technology","Professional Services","https://www.nasdaq.com/symbol/bgsf",
"BILI","Bilibili Inc.","12.9","541800000","42000000","2018","Technology","EDP Services","https://www.nasdaq.com/symbol/bili",
"BKYI","BIO-key International, Inc.","1.1","13851373.8","n/a","n/a","Technology","Computer Communications Equipment","https://www.nasdaq.com/symbol/bkyi",
"BITA","Bitauto Holdings Limited","16.06","1168203853.96","n/a","2010","Technology","EDP Services","https://www.nasdaq.com/symbol/bita",
"BKTI","BK Technologies, Inc.","4","54022140","n/a","n/a","Technology","Radio And Television Broadcasting And Communications Equipment","https://www.nasdaq.com/symbol/bkti",
"BBOX","Black Box Corporation","1.07","16300553.34","n/a","n/a","Technology","Computer Communications Equipment","https://www.nasdaq.com/symbol/bbox",
"BKI","Black Knight, Inc.","48.54","7251858185.82","n/a","2017","Technology","Computer Software: Prepackaged Software","https://www.nasdaq.com/symbol/bki",
"BLKB","Blackbaud, Inc.","69.59","3379918380.16","n/a","2004","Technology","Computer Software: Prepackaged Software","https://www.nasdaq.com/symbol/blkb",
"BB","BlackBerry Limited","8.96","4843589605.12","n/a","n/a","Technology","Computer Software: Prepackaged Software","https://www.nasdaq.com/symbol/bb",
"BL","BlackLine, Inc.","40.54","2215305745.98","n/a","2016","Technology","Computer Software: Prepackaged Software","https://www.nasdaq.com/symbol/bl",
"BDR","Blonder Tongue Laboratories, Inc.","0.9998","9658605.8924","n/a","n/a","Technology","Radio And Television Broadcasting And Communications Equipment","https://www.nasdaq.com/symbol/bdr",
"BRQS","Borqs Technologies, Inc. ","2.65","82953877.5","n/a","2015","Technology","EDP Services","https://www.nasdaq.com/symbol/brqs",
"EPAY","Bottomline Technologies, Inc.","52.2","2238106059","n/a","1999","Technology","Computer Software: Prepackaged Software","https://www.nasdaq.com/symbol/epay",
"BOX","Box, Inc.","17.76","2515000508.64","n/a","2015","Technology","Computer Software: Prepackaged Software","https://www.nasdaq.com/symbol/box",
"BLIN          ","Bridgeline Digital, Inc.","0.3615","2047978.8375","n/a","n/a","Technology","Computer Software: Prepackaged Software","https://www.nasdaq.com/symbol/blin",
"BCOV","Brightcove Inc.","7.38","269248340.7","n/a","2012","Technology","EDP Services","https://www.nasdaq.com/symbol/bcov",
"AVGO","Broadcom Inc.","223.63","92459097820.65","n/a","2009","Technology","Semiconductors","https://www.nasdaq.com/symbol/avgo",
"BVSN","BroadVision, Inc.","1.65","8246668.65","n/a","1996","Technology","Computer Software: Prepackaged Software","https://www.nasdaq.com/symbol/bvsn",
"BRKS","Brooks Automation, Inc.","28.59","2019579130.86","n/a","1995","Technology","Industrial Machinery/Components","https://www.nasdaq.com/symbol/brks",
"CCMP","Cabot Microelectronics Corporation","101.08","2578178623.44","n/a","2000","Technology","Semiconductors","https://www.nasdaq.com/symbol/ccmp",
"CACI","CACI International, Inc.","180.46","4484233576.76","n/a","n/a","Technology","EDP Services","https://www.nasdaq.com/symbol/caci",
"CDNS","Cadence Design Systems, Inc.","44.82","12645604440","n/a","n/a","Technology","Computer Software: Prepackaged Software","https://www.nasdaq.com/symbol/cdns",
"CAI","CAI International, Inc.","24.93","481303615.86","n/a","n/a","Technology","Diversified Commercial Services","https://www.nasdaq.com/symbol/cai",
"CAMP","CalAmp Corp.","19.08","663239021.4","n/a","1983","Technology","Radio And Television Broadcasting And Communications Equipment","https://www.nasdaq.com/symbol/camp",
"CSIQ","Canadian Solar Inc.","13.86","811943262.9","n/a","2006","Technology","Semiconductors","https://www.nasdaq.com/symbol/csiq",
"CBLK","Carbon Black, Inc.","15.89","1077869404.99","n/a","2018","Technology","Computer Software: Prepackaged Software","https://www.nasdaq.com/symbol/cblk",
"CARB","Carbonite, Inc.","27.56","952416550.8","n/a","2011","Technology","EDP Services","https://www.nasdaq.com/symbol/carb",
"CDLX","Cardlytics, Inc.","18.28","389311902","n/a","2018","Technology","Computer Software: Programming, Data Processing","https://www.nasdaq.com/symbol/cdlx",
"CARG","CarGurus, Inc.","40.91","4503292902.77","n/a","2017","Technology","EDP Services","https://www.nasdaq.com/symbol/carg",
"CARS","Cars.com Inc.","25.63","1757400454.26","n/a","2017","Technology","EDP Services","https://www.nasdaq.com/symbol/cars",
"CASA","Casa Systems, Inc.","15.14","1253211244.14","n/a","2017","Technology","Radio And Television Broadcasting And Communications Equipment","https://www.nasdaq.com/symbol/casa",
"CSLT","Castlight Health, inc.","2.7","377268988.5","n/a","2014","Technology","EDP Services","https://www.nasdaq.com/symbol/cslt",
"CLS","Celestica, Inc.","9.99","1186894717.2","n/a","1998","Technology","Electrical Products","https://www.nasdaq.com/symbol/cls",
"CRNT","Ceragon Networks Ltd.","4.65","364422322.8","n/a","n/a","Technology","Radio And Television Broadcasting And Communications Equipment","https://www.nasdaq.com/symbol/crnt",
"CDAY","Ceridian HCM Holding Inc.","36.51","4945552229.7","n/a","2018","Technology","Computer Software: Prepackaged Software","https://www.nasdaq.com/symbol/cday",
"CERN","Cerner Corporation","56.76","18701754999.84","n/a","1986","Technology","EDP Services","https://www.nasdaq.com/symbol/cern",
"CEVA","CEVA, Inc.","25.44","560479426.56","n/a","n/a","Technology","Semiconductors","https://www.nasdaq.com/symbol/ceva",
"CYOU","Changyou.com Limited","16.76","327927098.56","19566056","2009","Technology","Computer Software: Prepackaged Software","https://www.nasdaq.com/symbol/cyou",
"ECOM          ","ChannelAdvisor Corporation","11.1","303166185.9","n/a","2013","Technology","Computer Software: Prepackaged Software","https://www.nasdaq.com/symbol/ecom",
"CHKP","Check Point Software Technologies Ltd.","110.78","17617862736.64","n/a","1996","Technology","Computer Software: Prepackaged Software","https://www.nasdaq.com/symbol/chkp",
"CMCM","Cheetah Mobile Inc.","9","1283984667","n/a","2014","Technology","Computer Software: Prepackaged Software","https://www.nasdaq.com/symbol/cmcm",
"CVR","Chicago Rivet & Machine Co.","31.26","30201286.32","n/a","n/a","Technology","Industrial Machinery/Components","https://www.nasdaq.com/symbol/cvr",
"CCIH","ChinaCache International Holdings Ltd.","1.2066","29153241.768","24161480","2010","Technology","EDP Services","https://www.nasdaq.com/symbol/ccih",
"CNET","ChinaNet Online Holdings, Inc.","1.9","30651831.7","n/a","n/a","Technology","Computer Software: Programming, Data Processing","https://www.nasdaq.com/symbol/cnet",
"IMOS","ChipMOS TECHNOLOGIES INC.","16.98","119140492.62","7016519","n/a","Technology","Semiconductors","https://www.nasdaq.com/symbol/imos",
"CRUS","Cirrus Logic, Inc.","35.635","2132551594.865","n/a","1989","Technology","Semiconductors","https://www.nasdaq.com/symbol/crus",
"CSCO","Cisco Systems, Inc.","45.62","206667088102.82","n/a","1990","Technology","Computer Communications Equipment","https://www.nasdaq.com/symbol/csco",
"CISN","Cision Ltd.","13.72","1820829974.6","n/a","2017","Technology","Computer Software: Prepackaged Software","https://www.nasdaq.com/symbol/cisn",
"CTXS","Citrix Systems, Inc.","105.55","14224106617.85","n/a","1995","Technology","Computer Software: Prepackaged Software","https://www.nasdaq.com/symbol/ctxs",
"CLDR","Cloudera, Inc.","12.26","1878373517.18","n/a","2017","Technology","Computer Software: Prepackaged Software","https://www.nasdaq.com/symbol/cldr",
"CLPS","CLPS Incorporation","5.96","82330373.16","n/a","2018","Technology","Computer Software: Prepackaged Software","https://www.nasdaq.com/symbol/clps",
"CTSH","Cognizant Technology Solutions Corporation","69.55","40271398025.95","n/a","1998","Technology","EDP Services","https://www.nasdaq.com/symbol/ctsh",
"CCNI","Command Center, Inc.","3.88","18928936.96","n/a","n/a","Technology","Professional Services","https://www.nasdaq.com/symbol/ccni",
"COMM","CommScope Holding Company, Inc.","19.24","3698373290.56","n/a","2013","Technology","Radio And Television Broadcasting And Communications Equipment","https://www.nasdaq.com/symbol/comm",
"CVLT","Commvault Systems, Inc.","58.25","2696296620.5","n/a","2006","Technology","Computer Software: Prepackaged Software","https://www.nasdaq.com/symbol/cvlt",
"CPSI","Computer Programs and Systems, Inc.","25.95","365531414.55","n/a","2002","Technology","EDP Services","https://www.nasdaq.com/symbol/cpsi",
"CTG","Computer Task Group, Incorporated","4.4","62834274.8","n/a","n/a","Technology","EDP Services","https://www.nasdaq.com/symbol/ctg",
"CMTL","Comtech Telecommunications Corp.","27.08","645959847.88","n/a","n/a","Technology","Radio And Television Broadcasting And Communications Equipment","https://www.nasdaq.com/symbol/cmtl",
"CVON","ConvergeOne Holdings, Inc.","12.47","952686913.23","n/a","2017","Technology","Computer Software: Prepackaged Software","https://www.nasdaq.com/symbol/cvon",
"CTK","CooTek (Cayman) Inc.","7.5","479374755","n/a","2018","Technology","EDP Services","https://www.nasdaq.com/symbol/ctk",
"CLGX","CoreLogic, Inc.","40.06","3227292207.78","n/a","n/a","Technology","EDP Services","https://www.nasdaq.com/symbol/clgx",
"CSOD","Cornerstone OnDemand, Inc.","49.54","2911270315.16","n/a","2011","Technology","Computer Software: Prepackaged Software","https://www.nasdaq.com/symbol/csod",
"CPAH","CounterPath Corporation","2.07","12278018.7","n/a","n/a","Technology","Computer Software: Prepackaged Software","https://www.nasdaq.com/symbol/cpah",
"COUP","Coupa Software Incorporated","60.36","3504653526.12","n/a","2016","Technology","Computer Software: Prepackaged Software","https://www.nasdaq.com/symbol/coup",
"CRAY","Cray Inc","23.87","974771885.78","n/a","n/a","Technology","Computer Manufacturing","https://www.nasdaq.com/symbol/cray",
"CREE","Cree, Inc.","41.52","4258263506.16","n/a","1993","Technology","Semiconductors","https://www.nasdaq.com/symbol/cree",
"CRTO","Criteo S.A.","20.4","1341657754.8","65767537","2013","Technology","Advertising","https://www.nasdaq.com/symbol/crto",
"CCRN","Cross Country Healthcare, Inc.","8.68","314656371.12","n/a","2001","Technology","Professional Services","https://www.nasdaq.com/symbol/ccrn",
"CSGS","CSG Systems International, Inc.","36.84","1232334840","n/a","1996","Technology","EDP Services","https://www.nasdaq.com/symbol/csgs",
"CSPI","CSP Inc.","11.59","46559973.86","n/a","1982","Technology","EDP Services","https://www.nasdaq.com/symbol/cspi",
"CTS","CTS Corporation","27.32","903938014.76","n/a","n/a","Technology","Electrical Products","https://www.nasdaq.com/symbol/cts",
"CW","Curtiss-Wright Corporation","107.33","4700002917.31","n/a","n/a","Technology","Industrial Machinery/Components","https://www.nasdaq.com/symbol/cw",
"CVV","CVD Equipment Corporation","4.14","26887569.48","n/a","n/a","Technology","Industrial Machinery/Components","https://www.nasdaq.com/symbol/cvv",
"CYBR","CyberArk Software Ltd.","74.61","2654506140.03","n/a","2014","Technology","Computer Software: Prepackaged Software","https://www.nasdaq.com/symbol/cybr",
"CY","Cypress Semiconductor Corporation","12.7","4596765495.3","n/a","1986","Technology","Semiconductors","https://www.nasdaq.com/symbol/cy",
"CYRN","CYREN Ltd.","3","161203947","n/a","n/a","Technology","Computer Software: Prepackaged Software","https://www.nasdaq.com/symbol/cyrn",
"DQ","DAQO New Energy Corp.","25","321595275","n/a","2010","Technology","Semiconductors","https://www.nasdaq.com/symbol/dq",
"DWCH","Datawatch Corporation","13.08","166596650.76","n/a","1992","Technology","Computer Software: Prepackaged Software","https://www.nasdaq.com/symbol/dwch",
"DVMT","Dell Technologies Inc.","98.5","19636624213.5","n/a","n/a","Technology","Computer Manufacturing","https://www.nasdaq.com/symbol/dvmt",
"DTRM","Determine, Inc. ","0.53","7972273.78","n/a","n/a","Technology","Computer Software: Prepackaged Software","https://www.nasdaq.com/symbol/dtrm",
"DGII","Digi International Inc.","11.49","313018542.57","n/a","1989","Technology","Computer Communications Equipment","https://www.nasdaq.com/symbol/dgii",
"DMRC","Digimarc Corporation","20.73","246280795.65","n/a","n/a","Technology","EDP Services","https://www.nasdaq.com/symbol/dmrc",
"DGLY","Digital Ally, Inc.","2.77","28700618.18","n/a","n/a","Technology","Radio And Television Broadcasting And Communications Equipment","https://www.nasdaq.com/symbol/dgly",
"DIOD","Diodes Incorporated","33.05","1659799191.65","n/a","n/a","Technology","Semiconductors","https://www.nasdaq.com/symbol/diod",
"DLHC","DLH Holdings Corp.","5.01","59616464.94","n/a","n/a","Technology","Professional Services","https://www.nasdaq.com/symbol/dlhc",
"DOCU","DocuSign, Inc.","41.34","6482467069.26","n/a","2018","Technology","Computer Software: Prepackaged Software","https://www.nasdaq.com/symbol/docu",
"DOMO","Domo, Inc.","16.17","425873655.9","n/a","2018","Technology","Computer Software: Prepackaged Software","https://www.nasdaq.com/symbol/domo",
"DOV","Dover Corporation","85.29","12480713765.46","n/a","n/a","Technology","Industrial Machinery/Components","https://www.nasdaq.com/symbol/dov",
"DBX","Dropbox, Inc.","24.34","9792139406.78","n/a","2018","Technology","Computer Software: Prepackaged Software","https://www.nasdaq.com/symbol/dbx",
"DSPG","DSP Group, Inc.","12.21","273981020.28","n/a","1994","Technology","Semiconductors","https://www.nasdaq.com/symbol/dspg",
"DXC","DXC Technology Company","62.01","17369845638.21","n/a","n/a","Technology","EDP Services","https://www.nasdaq.com/symbol/dxc",
"ETN","Eaton Corporation, PLC","72.51","31425834000","n/a","n/a","Technology","Industrial Machinery/Components","https://www.nasdaq.com/symbol/etn",
"EBIX","Ebix, Inc.","51.61","1629975353.89","n/a","n/a","Technology","EDP Services","https://www.nasdaq.com/symbol/ebix",
"SATS","EchoStar Corporation","39.19","3771454783.89","n/a","n/a","Technology","Radio And Television Broadcasting And Communications Equipment","https://www.nasdaq.com/symbol/sats",
"EGAN","eGain Corporation","7.89","219879490.47","n/a","1999","Technology","Computer Software: Prepackaged Software","https://www.nasdaq.com/symbol/egan",
"ESTC","Elastic N.V.","66.5","0","n/a","2018","Technology","Computer Software: Prepackaged Software","https://www.nasdaq.com/symbol/estc",
"EA","Electronic Arts Inc.","87.66","26484601491.36","n/a","n/a","Technology","Computer Software: Prepackaged Software","https://www.nasdaq.com/symbol/ea",
"EFII","Electronics for Imaging, Inc.","28.17","1237553481.87","n/a","1992","Technology","Computer Communications Equipment","https://www.nasdaq.com/symbol/efii",
"ELLI","Ellie Mae, Inc.","65.2","2271659475.6","n/a","2011","Technology","Computer Software: Prepackaged Software","https://www.nasdaq.com/symbol/elli",
"ELTK","Eltek Ltd.","3.01","6105941.52","n/a","1997","Technology","Electrical Products","https://www.nasdaq.com/symbol/eltk",
"EMAN","eMagin Corporation","1.35","60967718.55","n/a","n/a","Technology","Semiconductors","https://www.nasdaq.com/symbol/eman",
"EMKR","EMCORE Corporation","4.37","120148107.02","n/a","1997","Technology","Semiconductors","https://www.nasdaq.com/symbol/emkr",
"DAVA","Endava plc","24.06","1275977348.4","n/a","2018","Technology","EDP Services","https://www.nasdaq.com/symbol/dava",
"EIGI","Endurance International Group Holdings, Inc.","8.58","1234279314.84","n/a","2013","Technology","Computer Software: Prepackaged Software","https://www.nasdaq.com/symbol/eigi",
"WATT","Energous Corporation","8.66","225673971","n/a","2014","Technology","Radio And Television Broadcasting And Communications Equipment","https://www.nasdaq.com/symbol/watt",
"ERII","Energy Recovery, Inc.","8.4","452443236","n/a","2008","Technology","Industrial Machinery/Components","https://www.nasdaq.com/symbol/erii",
"ENPH","Enphase Energy, Inc.","5.43","577361621.01","n/a","2012","Technology","Semiconductors","https://www.nasdaq.com/symbol/enph",
"EPAM","EPAM Systems, Inc.","127.01","6859730337.72","n/a","2012","Technology","EDP Services","https://www.nasdaq.com/symbol/epam",
"PLUS","ePlus inc.","81.39","1115428300.26","n/a","1996","Technology","Retail: Computer Software & Peripheral Equipment","https://www.nasdaq.com/symbol/plus",
"ERIC","Ericsson","8.75","2723000883.75","311200101","n/a","Technology","Radio And Television Broadcasting And Communications Equipment","https://www.nasdaq.com/symbol/eric",
"EB","Eventbrite, Inc.","30.98","2357866547.72","n/a","2018","Technology","Computer Software: Programming, Data Processing","https://www.nasdaq.com/symbol/eb",
"EVBG","Everbridge, Inc.","51.63","1517188699.11","n/a","2016","Technology","Computer Software: Prepackaged Software","https://www.nasdaq.com/symbol/evbg",
"EVER","EverQuote, Inc.","11.91","297022156.08","n/a","2018","Technology","Computer Software: Programming, Data Processing","https://www.nasdaq.com/symbol/ever",
"MRAM","Everspin Technologies, Inc.","7.54","127457004.48","n/a","2016","Technology","Semiconductors","https://www.nasdaq.com/symbol/mram",
"EVTC","Evertec, Inc.","27.28","1984385855.76","n/a","2013","Technology","EDP Services","https://www.nasdaq.com/symbol/evtc",
"EVOL","Evolving Systems, Inc.","1.6","19387222.4","n/a","1998","Technology","EDP Services","https://www.nasdaq.com/symbol/evol",
"AQUA","Evoqua Water Technologies Corp.","9.35","1064878783.65","n/a","2017","Technology","Industrial Machinery/Components","https://www.nasdaq.com/symbol/aqua",
"EXTN","Exterran Corporation","23.2","838756792","n/a","2015","Technology","Diversified Commercial Services","https://www.nasdaq.com/symbol/extn",
"EXTR","Extreme Networks, Inc.","6.26","740792618.54","n/a","1999","Technology","Computer Communications Equipment","https://www.nasdaq.com/symbol/extr",
"FFIV","F5 Networks, Inc.","178.91","10773065650","n/a","1999","Technology","Computer Communications Equipment","https://www.nasdaq.com/symbol/ffiv",
"FB","Facebook, Inc.","141.55","406784636478.6","n/a","2012","Technology","Computer Software: Programming, Data Processing","https://www.nasdaq.com/symbol/fb",
"FDS","FactSet Research Systems Inc.","227.17","8640932305.15","n/a","1996","Technology","Computer Software: Programming, Data Processing","https://www.nasdaq.com/symbol/fds",
"SFUN","Fang Holdings Limited","1.78","791976103.1","n/a","2010","Technology","EDP Services","https://www.nasdaq.com/symbol/sfun",
"FNSR","Finisar Corporation","20.93","2453234288.05","n/a","1999","Technology","Semiconductors","https://www.nasdaq.com/symbol/fnsr",
"FEYE","FireEye, Inc.","18.95","3733433984.7","n/a","2013","Technology","Computer peripheral equipment","https://www.nasdaq.com/symbol/feye",
"FSLR","First Solar, Inc.","42.71","4476647667.67","n/a","2006","Technology","Semiconductors","https://www.nasdaq.com/symbol/fslr",
"FISV","Fiserv, Inc.","78.59","31315818364.43","n/a","1986","Technology","EDP Services","https://www.nasdaq.com/symbol/fisv",
"FIT","Fitbit, Inc.","5.74","1426569541.46","n/a","2015","Technology","Computer Manufacturing","https://www.nasdaq.com/symbol/fit",
"FIVN","Five9, Inc.","42","2468422152","n/a","2014","Technology","EDP Services","https://www.nasdaq.com/symbol/fivn",
"FLEX","Flex Ltd.","7.93","4175830310.6","n/a","1994","Technology","Electrical Products","https://www.nasdaq.com/symbol/flex",
"FPAY","FlexShopper, Inc.","0.7415","13035473.605","n/a","n/a","Technology","Diversified Commercial Services","https://www.nasdaq.com/symbol/fpay",
"FPAYW","FlexShopper, Inc.","0.23","0","n/a","n/a","Technology","Diversified Commercial Services","https://www.nasdaq.com/symbol/fpayw",
"FSCT","ForeScout Technologies, Inc.","26.99","1129212937.03","n/a","2017","Technology","Computer peripheral equipment","https://www.nasdaq.com/symbol/fsct",
"FRSX","Foresight Autonomous Holdings Ltd.","2.44","3689587.44","1512126","n/a","Technology","Computer Software: Prepackaged Software","https://www.nasdaq.com/symbol/frsx",
"FORM","FormFactor, Inc.","14.04","1040396783.4","n/a","2003","Technology","Semiconductors","https://www.nasdaq.com/symbol/form",
"FORTY","Formula Systems (1985) Ltd.","40","6390080","159752","n/a","Technology","EDP Services","https://www.nasdaq.com/symbol/forty",
"FTNT","Fortinet, Inc.","73.74","12563098916.7","n/a","2009","Technology","Computer peripheral equipment","https://www.nasdaq.com/symbol/ftnt",
"FSNN","Fusion Connect, Inc.","2.47","193806171.39","n/a","n/a","Technology","Computer Software: Prepackaged Software","https://www.nasdaq.com/symbol/fsnn",
"GDI","Gardner Denver Holdings, Inc.","26.31","5229447610.47","n/a","2017","Technology","Industrial Machinery/Components","https://www.nasdaq.com/symbol/gdi",
"GTES","Gates Industrial Corporation plc","14.51","4204365059.29","n/a","2018","Technology","Industrial Machinery/Components","https://www.nasdaq.com/symbol/gtes",
"GDS","GDS Holdings Limited","23.01","1128933808.47","49062747","2016","Technology","Computer Software: Programming, Data Processing","https://www.nasdaq.com/symbol/gds",
"JOB","GEE Group Inc.","2.12","22909688.84","n/a","n/a","Technology","Diversified Commercial Services","https://www.nasdaq.com/symbol/job",
"GFN","General Finance Corporation","14.47","387174571.38","n/a","n/a","Technology","Diversified Commercial Services","https://www.nasdaq.com/symbol/gfn",
"GFNCP","General Finance Corporation","100.8","0","n/a","n/a","Technology","Diversified Commercial Services","https://www.nasdaq.com/symbol/gfncp",
"GFNSL","General Finance Corporation","25.05","0","n/a","n/a","Technology","Diversified Commercial Services","https://www.nasdaq.com/symbol/gfnsl",
"GIGM","GigaMedia Limited","2.69","29730512.15","n/a","n/a","Technology","Computer Software: Programming, Data Processing","https://www.nasdaq.com/symbol/gigm",
"GILT","Gilat Satellite Networks Ltd.","9.94","544713123.22","n/a","n/a","Technology","Radio And Television Broadcasting And Communications Equipment","https://www.nasdaq.com/symbol/gilt",
"GSB","GlobalSCAPE, Inc.","4.44","79779109.92","n/a","n/a","Technology","Computer Software: Prepackaged Software","https://www.nasdaq.com/symbol/gsb",
"GLOB","Globant S.A.","52.61","1881722440.51","n/a","2014","Technology","EDP Services","https://www.nasdaq.com/symbol/glob",
"GLUU","Glu Mobile Inc.","7.72","1105866747.36","n/a","2007","Technology","EDP Services","https://www.nasdaq.com/symbol/gluu",
"GDDY","GoDaddy Inc.","63.15","10957573290","n/a","2015","Technology","EDP Services","https://www.nasdaq.com/symbol/gddy",
"GHM","Graham Corporation","25.67","252373988.92","n/a","n/a","Technology","Industrial Machinery/Components","https://www.nasdaq.com/symbol/ghm",
"GEC","Great Elm Capital Group, Inc. ","3.25","84184750","n/a","n/a","Technology","Computer Software: Prepackaged Software","https://www.nasdaq.com/symbol/gec",
"GRNQ","Greenpro Capital Corp.","4.7","257161848.9","n/a","n/a","Technology","EDP Services","https://www.nasdaq.com/symbol/grnq",
"GSUM","Gridsum Holding Inc.","4.55","72213600.55","15871121","2016","Technology","Computer Software: Prepackaged Software","https://www.nasdaq.com/symbol/gsum",
"GRPN","Groupon, Inc.","2.93","1672385443.95","n/a","2011","Technology","Advertising","https://www.nasdaq.com/symbol/grpn",
"GVP","GSE Systems, Inc.","2.78","54857336.9","n/a","n/a","Technology","Computer Software: Prepackaged Software","https://www.nasdaq.com/symbol/gvp",
"GSIT","GSI Technology, Inc.","5.52","121150884.48","n/a","2007","Technology","Semiconductors","https://www.nasdaq.com/symbol/gsit",
"GWRE","Guidewire Software, Inc.","85.38","6916420691.52","n/a","2012","Technology","Computer Software: Prepackaged Software","https://www.nasdaq.com/symbol/gwre",
"HQCL","Hanwha Q CELLS Co., Ltd. ","9.71","53419807.75","5501525","n/a","Technology","Semiconductors","https://www.nasdaq.com/symbol/hqcl",
"HLIT","Harmonic Inc.","5.84","506314760.72","n/a","1995","Technology","Radio And Television Broadcasting And Communications Equipment","https://www.nasdaq.com/symbol/hlit",
"HHS","Harte-Hanks, Inc.","5.29","33083781.67","n/a","1993","Technology","Advertising","https://www.nasdaq.com/symbol/hhs",
"HSTM","HealthStream, Inc.","25.17","813630544.53","n/a","2000","Technology","Computer Software: Programming, Data Processing","https://www.nasdaq.com/symbol/hstm",
"HSII","Heidrick & Struggles International, Inc.","35.33","669809917.09","n/a","1999","Technology","Diversified Commercial Services","https://www.nasdaq.com/symbol/hsii",
"HPE","Hewlett Packard Enterprise Company","15.28","22486785764.24","n/a","2015","Technology","Computer Manufacturing","https://www.nasdaq.com/symbol/hpe",
"HIMX","Himax Technologies, Inc.","4.03","435558841.51","108079117","2006","Technology","Semiconductors","https://www.nasdaq.com/symbol/himx",
"HDP","Hortonworks, Inc.","15.76","1317308141.92","n/a","2014","Technology","Computer Software: Prepackaged Software","https://www.nasdaq.com/symbol/hdp",
"HPQ","HP Inc.","23.99","37961980106.92","n/a","n/a","Technology","Computer Manufacturing","https://www.nasdaq.com/symbol/hpq",
"HMI","Huami Corporation","9.43","560463713.88","n/a","2018","Technology","Computer Manufacturing","https://www.nasdaq.com/symbol/hmi",
"HUBS","HubSpot, Inc.","129.16","5067239864.04","n/a","2014","Technology","Computer Software: Prepackaged Software","https://www.nasdaq.com/symbol/hubs",
"HSON","Hudson Global, Inc.","1.48","47430082.44","n/a","n/a","Technology","Professional Services","https://www.nasdaq.com/symbol/hson",
"HUYA","HUYA Inc.","18.5","3770245573","n/a","2018","Technology","Computer Software: Programming, Data Processing","https://www.nasdaq.com/symbol/huya",
"ICHR","Ichor Holdings","15.41","352165115.25","n/a","2016","Technology","Semiconductors","https://www.nasdaq.com/symbol/ichr",
"ICLK","iClick Interactive Asia Group Limited","3.57","47859091.56","13405908","2017","Technology","Computer Software: Prepackaged Software","https://www.nasdaq.com/symbol/iclk",
"INVE","Identiv, Inc.","6.5","102570078","n/a","n/a","Technology","Computer peripheral equipment","https://www.nasdaq.com/symbol/inve",
"IEC","IEC Electronics Corp.","5.06","52064495.56","n/a","n/a","Technology","Electrical Products","https://www.nasdaq.com/symbol/iec",
"INFO","IHS Markit Ltd.","51.34","20236442856.86","n/a","1996","Technology","Computer Software: Programming, Data Processing","https://www.nasdaq.com/symbol/info",
"ITW","Illinois Tool Works Inc.","131.19","43529037604.29","n/a","n/a","Technology","Industrial Machinery/Components","https://www.nasdaq.com/symbol/itw",
"IMMR","Immersion Corporation","9","277229196","n/a","1999","Technology","Computer peripheral equipment","https://www.nasdaq.com/symbol/immr",
"IMPV","Imperva, Inc.","55.84","1965429181.76","n/a","n/a","Technology","Computer Software: Prepackaged Software","https://www.nasdaq.com/symbol/impv",
"INFY","Infosys Limited","9.34","40605337913.24","n/a","n/a","Technology","EDP Services","https://www.nasdaq.com/symbol/infy",
"INOD","Innodata Inc.","1.46","37781082.84","n/a","1993","Technology","EDP Services","https://www.nasdaq.com/symbol/inod",
"ISSC","Innovative Solutions and Support, Inc.","2.3","38733377.7","n/a","2000","Technology","EDP Services","https://www.nasdaq.com/symbol/issc",
"INOV","Inovalon Holdings, Inc.","11.25","1714671562.5","n/a","2015","Technology","EDP Services","https://www.nasdaq.com/symbol/inov",
"IPHI","Inphi Corporation","33.63","1483471527.39","n/a","2010","Technology","Semiconductors","https://www.nasdaq.com/symbol/iphi",
"INPX","Inpixon ","3.53","5486421.31","n/a","2014","Technology","EDP Services","https://www.nasdaq.com/symbol/inpx",
"NSP","Insperity, Inc.","114.21","4775127523.65","n/a","n/a","Technology","Professional Services","https://www.nasdaq.com/symbol/nsp",
"INSE","Inspired Entertainment, Inc.","6.6","141799066.2","n/a","2014","Technology","Computer Software: Prepackaged Software","https://www.nasdaq.com/symbol/inse",
"INST","Instructure, Inc.","36.42","1276818478.56","n/a","2015","Technology","Computer Software: Prepackaged Software","https://www.nasdaq.com/symbol/inst",
"IDTI","Integrated Device Technology, Inc.","46.37","5982671913.81","n/a","1984","Technology","Semiconductors","https://www.nasdaq.com/symbol/idti",
"INTC","Intel Corporation","46.65","212910600000","n/a","n/a","Technology","Semiconductors","https://www.nasdaq.com/symbol/intc",
"IDN","Intellicheck, Inc.","2.4","37517270.4","n/a","1999","Technology","Computer Software: Prepackaged Software","https://www.nasdaq.com/symbol/idn",
"INS","Intelligent Systems Corporation","12.6","110854648.8","n/a","1992","Technology","Computer Software: Prepackaged Software","https://www.nasdaq.com/symbol/ins",
"LINK","Interlink Electronics, Inc.","3.43","22235949.12","n/a","n/a","Technology","Computer peripheral equipment","https://www.nasdaq.com/symbol/link",
"IMI","Intermolecular, Inc.","0.9499","47259914.9484","n/a","2011","Technology","Semiconductors","https://www.nasdaq.com/symbol/imi",
"INAP","Internap Corporation","6.52","166341591.28","n/a","1999","Technology","Computer Software: Programming, Data Processing","https://www.nasdaq.com/symbol/inap",
"IBM","International Business Machines Corporation","120.9","109873167639.3","n/a","n/a","Technology","Computer Manufacturing","https://www.nasdaq.com/symbol/ibm",
"IIJI","Internet Initiative Japan, Inc.","10.8116","18555754.4712","1716282","n/a","Technology","Computer Software: Programming, Data Processing","https://www.nasdaq.com/symbol/iiji",
"IPG","Interpublic Group of Companies, Inc. (The)","23.97","9212905455","n/a","n/a","Technology","Advertising","https://www.nasdaq.com/symbol/ipg",
"INTX","Intersections, Inc.","3.6","87683425.2","n/a","2004","Technology","EDP Services","https://www.nasdaq.com/symbol/intx",
"INXN","InterXion Holding N.V.","60.95","4368469350","n/a","2011","Technology","Computer Software: Programming, Data Processing","https://www.nasdaq.com/symbol/inxn",
"IVAC","Intevac, Inc.","4.73","107912551.89","n/a","1995","Technology","Industrial Machinery/Components","https://www.nasdaq.com/symbol/ivac",
"INTU","Intuit Inc.","212.87","55063427749.4","n/a","1993","Technology","Computer Software: Prepackaged Software","https://www.nasdaq.com/symbol/intu",
"IPGP","IPG Photonics Corporation","129.11","6894496077.81","n/a","2006","Technology","Semiconductors","https://www.nasdaq.com/symbol/ipgp",
"JCOM","j2 Global, Inc.","72.05","3547935886.55","n/a","1999","Technology","Telecommunications Equipment","https://www.nasdaq.com/symbol/jcom",
"JBL","Jabil Inc.","24.16","3910994972.96","n/a","1993","Technology","Electrical Products","https://www.nasdaq.com/symbol/jbl",
"JKHY","Jack Henry & Associates, Inc.","141.31","10923025316.58","n/a","1985","Technology","EDP Services","https://www.nasdaq.com/symbol/jkhy",
"JT","Jianpu Technology Inc.","5.77","969507238.86","n/a","2017","Technology","Computer Software: Programming, Data Processing","https://www.nasdaq.com/symbol/jt",
"JKS","JinkoSolar Holding Company Limited","8.93","349291234.8","n/a","2010","Technology","Semiconductors","https://www.nasdaq.com/symbol/jks",
"JMU","JMU Limited","1.17","2241580.77","1915881","2015","Technology","EDP Services","https://www.nasdaq.com/symbol/jmu",
"JBT","John Bean Technologies Corporation","87.41","2762846189.36","n/a","n/a","Technology","Industrial Machinery/Components","https://www.nasdaq.com/symbol/jbt",
"JNPR","Juniper Networks, Inc.","28.39","9798933416","n/a","1999","Technology","Computer Communications Equipment","https://www.nasdaq.com/symbol/jnpr",
"KAI","Kadant Inc","101.41","1126390887.36","n/a","n/a","Technology","Industrial Machinery/Components","https://www.nasdaq.com/symbol/kai",
"KELYA","Kelly Services, Inc.","23.28","904822223.52","n/a","n/a","Technology","Professional Services","https://www.nasdaq.com/symbol/kelya",
"KELYB","Kelly Services, Inc.","23.4","908026610.4","n/a","n/a","Technology","Professional Services","https://www.nasdaq.com/symbol/kelyb",
"KTCC","Key Tronic Corporation","7.13","76716518.4","n/a","1983","Technology","Computer peripheral equipment","https://www.nasdaq.com/symbol/ktcc",
"KFRC","Kforce, Inc.","31.4","818448253.4","n/a","1995","Technology","Professional Services","https://www.nasdaq.com/symbol/kfrc",
"KE","Kimball Electronics, Inc.","17.44","465554678.56","n/a","n/a","Technology","Electrical Products","https://www.nasdaq.com/symbol/ke",
"KOPN","Kopin Corporation","1.66","121404519.98","n/a","1992","Technology","Semiconductors","https://www.nasdaq.com/symbol/kopn",
"KFY","Korn/Ferry International","45.83","2609585910.63","n/a","1999","Technology","Diversified Commercial Services","https://www.nasdaq.com/symbol/kfy",
"KLIC","Kulicke and Soffa Industries, Inc.","20.17","1362927038.3","n/a","n/a","Technology","Semiconductors","https://www.nasdaq.com/symbol/klic",
"KVHI","KVH Industries, Inc.","11.04","195821238.24","n/a","1996","Technology","Radio And Television Broadcasting And Communications Equipment","https://www.nasdaq.com/symbol/kvhi",
"LLL","L3 Technologies, Inc.","189.47","14910824987.97","n/a","n/a","Technology","Radio And Television Broadcasting And Communications Equipment","https://www.nasdaq.com/symbol/lll",
"LRCX","Lam Research Corporation","142.91","22177174805.46","n/a","1984","Technology","Industrial Machinery/Components","https://www.nasdaq.com/symbol/lrcx",
"LTRX","Lantronix, Inc.","3.52","77432407.36","n/a","2000","Technology","Computer Communications Equipment","https://www.nasdaq.com/symbol/ltrx",
"LSCC","Lattice Semiconductor Corporation","5.64","730521242.52","n/a","n/a","Technology","Semiconductors","https://www.nasdaq.com/symbol/lscc",
"LEAF","Leaf Group Ltd.","8.55","216436982.85","n/a","n/a","Technology","EDP Services","https://www.nasdaq.com/symbol/leaf",
"LDOS","Leidos Holdings, Inc.","64.38","9641552727.18","n/a","n/a","Technology","EDP Services","https://www.nasdaq.com/symbol/ldos",
"LTRPA","Liberty TripAdvisor Holdings, Inc.","18.49","1387860416.95","n/a","n/a","Technology","EDP Services","https://www.nasdaq.com/symbol/ltrpa",
"LTRPB","Liberty TripAdvisor Holdings, Inc.","19.12","1435132802.64","n/a","n/a","Technology","EDP Services","https://www.nasdaq.com/symbol/ltrpb",
"LPTH","LightPath Technologies, Inc.","1.82","46927744.5","n/a","1996","Technology","Semiconductors","https://www.nasdaq.com/symbol/lpth",
"LECO","Lincoln Electric Holdings, Inc.","83.25","5365098947.25","n/a","n/a","Technology","Industrial Machinery/Components","https://www.nasdaq.com/symbol/leco",
"LN","LINE Corporation","29.03","6917727770.72","n/a","2016","Technology","Computer Software: Programming, Data Processing","https://www.nasdaq.com/symbol/ln",
"LKM","Link Motion Inc.","0.2859","28014481.2987","n/a","2011","Technology","Computer Software: Prepackaged Software","https://www.nasdaq.com/symbol/lkm",
"LIQT","LiqTech International, Inc.","1.37","99654549.39","n/a","n/a","Technology","Industrial Machinery/Components","https://www.nasdaq.com/symbol/liqt",
"LPSN","LivePerson, Inc.","20.36","1270634576.08","n/a","2000","Technology","Computer Software: Prepackaged Software","https://www.nasdaq.com/symbol/lpsn",
"RAMP","LiveRamp Holdings, Inc.","45.89","3563931253.09","n/a","n/a","Technology","EDP Services","https://www.nasdaq.com/symbol/ramp",
"LOGI","Logitech International S.A.","35.24","5838218024.2","n/a","1997","Technology","Computer peripheral equipment","https://www.nasdaq.com/symbol/logi",
"LOGM","LogMein, Inc.","83.24","4261888000","n/a","2009","Technology","Computer Software: Prepackaged Software","https://www.nasdaq.com/symbol/logm",
"LORL","Loral Space and Communications, Inc.","44.97","1391045812.47","n/a","n/a","Technology","Radio And Television Broadcasting And Communications Equipment","https://www.nasdaq.com/symbol/lorl",
"LXFT","Luxoft Holding, Inc.","40.78","1367798309.8","n/a","2013","Technology","EDP Services","https://www.nasdaq.com/symbol/lxft",
"MTSI","MACOM Technology Solutions Holdings, Inc.","14.89","970274419.58","n/a","2012","Technology","Semiconductors","https://www.nasdaq.com/symbol/mtsi",
"MGIC","Magic Software Enterprises Ltd.","8.4","409562966.4","n/a","1991","Technology","Computer Software: Prepackaged Software","https://www.nasdaq.com/symbol/mgic",
"MX","MagnaChip Semiconductor Corporation","7.51","260010934.62","n/a","2011","Technology","Semiconductors","https://www.nasdaq.com/symbol/mx",
"MNGA","MagneGas Applied Technology Solutions, Inc.","0.361","47311166.182","n/a","n/a","Technology","Industrial Machinery/Components","https://www.nasdaq.com/symbol/mnga",
"MJCO","Majesco","7.45","272842266.35","n/a","2015","Technology","Computer Software: Prepackaged Software","https://www.nasdaq.com/symbol/mjco",
"MAMS","MAM Software Group, Inc.","7.85","98855324.75","n/a","n/a","Technology","Computer Software: Prepackaged Software","https://www.nasdaq.com/symbol/mams",
"MANH","Manhattan Associates, Inc.","47.83","3127052172.27","n/a","1998","Technology","Computer Software: Prepackaged Software","https://www.nasdaq.com/symbol/manh",
"MNTX","Manitex International, Inc.","8.14","159724626.6","n/a","n/a","Technology","Industrial Machinery/Components","https://www.nasdaq.com/symbol/mntx",
"MAN","ManpowerGroup","79.03","5128620396.06","n/a","n/a","Technology","Professional Services","https://www.nasdaq.com/symbol/man",
"MRIN","Marin Software Incorporated","2.71","15677350","n/a","n/a","Technology","EDP Services","https://www.nasdaq.com/symbol/mrin",
"MRVL","Marvell Technology Group Ltd.","15.79","10396136000","n/a","2000","Technology","Semiconductors","https://www.nasdaq.com/symbol/mrvl",
"MTCH","Match Group, Inc.","40.95","11384100000","n/a","2015","Technology","Computer Software: Programming, Data Processing","https://www.nasdaq.com/symbol/mtch",
"MTLS","Materialise NV","13.77","185211594.9","13450370","2014","Technology","Computer Software: Prepackaged Software","https://www.nasdaq.com/symbol/mtls",
"MAXR","Maxar Technologies Ltd.","18.24","1078880915.52","n/a","n/a","Technology","Radio And Television Broadcasting And Communications Equipment","https://www.nasdaq.com/symbol/maxr",
"MXIM","Maxim Integrated Products, Inc.","51.31","14216096116.25","n/a","1988","Technology","Semiconductors","https://www.nasdaq.com/symbol/mxim",
"MXL","MaxLinear, Inc","18.21","1255848370.65","n/a","2010","Technology","Semiconductors","https://www.nasdaq.com/symbol/mxl",
"MGRC","McGrath RentCorp","52.37","1265759385.87","n/a","1984","Technology","Diversified Commercial Services","https://www.nasdaq.com/symbol/mgrc",
"MDCA","MDC Partners Inc.","2.77","138320213.15","n/a","n/a","Technology","Advertising","https://www.nasdaq.com/symbol/mdca",
"MTBC","Medical Transcription Billing, Corp.","5.21","61633039.18","n/a","2014","Technology","Computer Software: Prepackaged Software","https://www.nasdaq.com/symbol/mtbc",
"MTBCP","Medical Transcription Billing, Corp.","26.19","24338340.81","n/a","n/a","Technology","Computer Software: Prepackaged Software","https://www.nasdaq.com/symbol/mtbcp",
"MDSO","Medidata Solutions, Inc.","70.12","4290674494.24","n/a","2009","Technology","Computer Software: Prepackaged Software","https://www.nasdaq.com/symbol/mdso",
"MLNX","Mellanox Technologies, Ltd.","91.31","4886978860.71","n/a","2007","Technology","Semiconductors","https://www.nasdaq.com/symbol/mlnx",
"MFGP","Micro Focus Intl PLC","16.1","6862880603.6","n/a","2017","Technology","Computer Software: Prepackaged Software","https://www.nasdaq.com/symbol/mfgp",
"MCHP","Microchip Technology Incorporated","69.66","16475263194.24","n/a","1993","Technology","Semiconductors","https://www.nasdaq.com/symbol/mchp",
"MU","Micron Technology, Inc.","37.44","42466521240","n/a","n/a","Technology","Semiconductors","https://www.nasdaq.com/symbol/mu",
"MSFT","Microsoft Corporation","106.87","820357496316.32","n/a","1986","Technology","Computer Software: Prepackaged Software","https://www.nasdaq.com/symbol/msft",
"MSTR","MicroStrategy Incorporated","126.59","1451657406.46","n/a","1998","Technology","Computer Software: Prepackaged Software","https://www.nasdaq.com/symbol/mstr",
"MCRN","Milacron Holdings Corp.","13.91","983672802.32","n/a","2015","Technology","Industrial Machinery/Components","https://www.nasdaq.com/symbol/mcrn",
"MIME","Mimecast Limited","34.1","2048162587.9","n/a","2015","Technology","Computer Software: Prepackaged Software","https://www.nasdaq.com/symbol/mime",
"MNDO","MIND C.T.I. Ltd.","2.23","43055542.14","n/a","n/a","Technology","EDP Services","https://www.nasdaq.com/symbol/mndo",
"MB","MINDBODY, Inc.","26.18","1254522718.68","n/a","2015","Technology","EDP Services","https://www.nasdaq.com/symbol/mb",
"MIND","Mitcham Industries, Inc.","4","48477596","n/a","1994","Technology","Diversified Commercial Services","https://www.nasdaq.com/symbol/mind",
"MINDP","Mitcham Industries, Inc.","23.3107","0","n/a","n/a","Technology","Diversified Commercial Services","https://www.nasdaq.com/symbol/mindp",
"MITK","Mitek Systems, Inc.","9.43","357974342.32","n/a","n/a","Technology","Computer peripheral equipment","https://www.nasdaq.com/symbol/mitk",
"MITL","Mitel Networks Corporation","10.98","1351481117.76","n/a","n/a","Technology","Radio And Television Broadcasting And Communications Equipment","https://www.nasdaq.com/symbol/mitl",
"MIXT","MiX Telematics Limited","17.99","409996417.6","n/a","2013","Technology","Computer Software: Prepackaged Software","https://www.nasdaq.com/symbol/mixt",
"MOBL","MobileIron, Inc.","4.92","519329099.4","n/a","2014","Technology","Computer Software: Prepackaged Software","https://www.nasdaq.com/symbol/mobl",
"MODN","Model N, Inc.","13.93","435318754.57","n/a","2013","Technology","Computer Software: Programming, Data Processing","https://www.nasdaq.com/symbol/modn",
"MOMO","Momo Inc.","31.51","4691980479.9","148904490","2014","Technology","Computer Software: Prepackaged Software","https://www.nasdaq.com/symbol/momo",
"MDB","MongoDB, Inc.","69.83","3646235598.7","n/a","2017","Technology","Computer Software: Prepackaged Software","https://www.nasdaq.com/symbol/mdb",
"MPWR","Monolithic Power Systems, Inc.","119.32","5060599840","n/a","2004","Technology","Semiconductors","https://www.nasdaq.com/symbol/mpwr",
"TYPE","Monotype Imaging Holdings Inc.","17.77","738210047.3","n/a","2007","Technology","EDP Services","https://www.nasdaq.com/symbol/type",
"MOSY","MoSys, Inc.","0.24","9993740.64","n/a","2001","Technology","Semiconductors","https://www.nasdaq.com/symbol/mosy",
"MSI","Motorola Solutions, Inc.","126.99","20766403957.32","n/a","n/a","Technology","Radio And Television Broadcasting And Communications Equipment","https://www.nasdaq.com/symbol/msi",
"MOXC","Moxian, Inc.","0.58","39067188.76","n/a","n/a","Technology","Computer Software: Programming, Data Processing","https://www.nasdaq.com/symbol/moxc",
"MYSZ","My Size, Inc.","1.15","34166532.2","n/a","n/a","Technology","Computer Software: Prepackaged Software","https://www.nasdaq.com/symbol/mysz",
"NNDM","Nano Dimension Ltd.","2.03","18831688.82","9276694","n/a","Technology","Electrical Products","https://www.nasdaq.com/symbol/nndm",
"NH","NantHealth, Inc.","1.37","149976150.91","n/a","2016","Technology","EDP Services","https://www.nasdaq.com/symbol/nh",
"NATI","National Instruments Corporation","49.26","6523629580.44","n/a","1995","Technology","Computer Software: Prepackaged Software","https://www.nasdaq.com/symbol/nati",
"NPTN","NeoPhotonics Corporation","8.02","369315201.54","n/a","2011","Technology","Semiconductors","https://www.nasdaq.com/symbol/nptn",
"NETE","Net Element, Inc.","5.85","22633018.2","n/a","n/a","Technology","EDP Services","https://www.nasdaq.com/symbol/nete",
"NTAP","NetApp, Inc.","78.87","20448487035.24","n/a","1995","Technology","Electronic Components","https://www.nasdaq.com/symbol/ntap",
"NTCT","NetScout Systems, Inc.","26.36","2048296524.64","n/a","1999","Technology","EDP Services","https://www.nasdaq.com/symbol/ntct",
"NTWK","NetSol Technologies Inc.","7.57","87074803.12","n/a","n/a","Technology","Computer Software: Prepackaged Software","https://www.nasdaq.com/symbol/ntwk",
"NEWR","New Relic, Inc.","83.38","4749159707.6","n/a","2014","Technology","Computer Software: Prepackaged Software","https://www.nasdaq.com/symbol/newr",
"NXGN","NextGen Healthcare, Inc.","15.5","1002360727","n/a","n/a","Technology","EDP Services","https://www.nasdaq.com/symbol/nxgn",
"NICE","NICE Ltd","112.94","4752069312.88","42076052","n/a","Technology","Computer Manufacturing","https://www.nasdaq.com/symbol/nice",
"LASR","nLIGHT, Inc.","19.63","683149283.44","n/a","2018","Technology","Semiconductors","https://www.nasdaq.com/symbol/lasr",
"NOK","Nokia Corporation","5.75","32152016940","n/a","1994","Technology","Radio And Television Broadcasting And Communications Equipment","https://www.nasdaq.com/symbol/nok",
"NUAN","Nuance Communications, Inc.","16.85","4832629050.35","n/a","n/a","Technology","Computer Software: Prepackaged Software","https://www.nasdaq.com/symbol/nuan",
"NTNX","Nutanix, Inc.","41.64","7442725771.68","n/a","2016","Technology","Computer Software: Prepackaged Software","https://www.nasdaq.com/symbol/ntnx",
"NVEC","NVE Corporation","83.47","404329514.7","n/a","n/a","Technology","Semiconductors","https://www.nasdaq.com/symbol/nvec",
"NVT","nVent Electric plc","24.51","4388215546.62","n/a","2018","Technology","Industrial Machinery/Components","https://www.nasdaq.com/symbol/nvt",
"NVDA","NVIDIA Corporation","189.54","115240320000","n/a","1999","Technology","Semiconductors","https://www.nasdaq.com/symbol/nvda",
"NXPI","NXP Semiconductors N.V.","79.28","23427379453.52","n/a","2010","Technology","Semiconductors","https://www.nasdaq.com/symbol/nxpi",
"OIIM","O2Micro International Limited","1.7","56734936.4","33373492","n/a","Technology","Semiconductors","https://www.nasdaq.com/symbol/oiim",
"OCLR","Oclaro, Inc.","7.4","1269907243.8","n/a","n/a","Technology","Semiconductors","https://www.nasdaq.com/symbol/oclr",
"OKTA","Okta, Inc.","54.62","5963573821.4","n/a","2017","Technology","Computer Software: Prepackaged Software","https://www.nasdaq.com/symbol/okta",
"OMCL","Omnicell, Inc.","70.41","2790082924.71","n/a","2001","Technology","Computer Manufacturing","https://www.nasdaq.com/symbol/omcl",
"OMC","Omnicom Group Inc.","75.7","16964799597.5","n/a","n/a","Technology","Advertising","https://www.nasdaq.com/symbol/omc",
"ON","ON Semiconductor Corporation","16.83","7084237005.45","n/a","n/a","Technology","Semiconductors","https://www.nasdaq.com/symbol/on",
"OTIV","On Track Innovations Ltd","0.84","34687276.68","n/a","n/a","Technology","Semiconductors","https://www.nasdaq.com/symbol/otiv",
"OSS","One Stop Systems, Inc.","3.005","38401526.05","n/a","2018","Technology","Computer Manufacturing","https://www.nasdaq.com/symbol/oss",
"OSPN","OneSpan Inc.","16.1","648127718","n/a","n/a","Technology","EDP Services","https://www.nasdaq.com/symbol/ospn",
"OOMA","Ooma, Inc.","15.15","299970000","n/a","2015","Technology","EDP Services","https://www.nasdaq.com/symbol/ooma",
"OTEX","Open Text Corporation","32.44","8704676422.76","n/a","1996","Technology","EDP Services","https://www.nasdaq.com/symbol/otex",
"ORCL","Oracle Corporation","49.22","186476770038.32","n/a","1986","Technology","Computer Software: Prepackaged Software","https://www.nasdaq.com/symbol/orcl",
"OSIS","OSI Systems, Inc.","73.6","1336069852.8","n/a","1997","Technology","Semiconductors","https://www.nasdaq.com/symbol/osis",
"PFIN","P & F Industries, Inc.","8.1649","30218090.7775","n/a","n/a","Technology","Industrial Machinery/Components","https://www.nasdaq.com/symbol/pfin",
"PAGS","PagSeguro Digital Ltd.","22.31","7030648865.58","n/a","2018","Technology","EDP Services","https://www.nasdaq.com/symbol/pags",
"PANW","Palo Alto Networks, Inc.","177.35","16726721089.85","n/a","2012","Technology","Computer peripheral equipment","https://www.nasdaq.com/symbol/panw",
"TEUM","Pareteum Corporation","2.15","207811163.25","n/a","n/a","Technology","EDP Services","https://www.nasdaq.com/symbol/teum",
"PCYG","Park City Group, Inc.","8.85","175268940","n/a","n/a","Technology","EDP Services","https://www.nasdaq.com/symbol/pcyg",
"PKE","Park Electrochemical Corporation","17.84","361743606.72","n/a","n/a","Technology","Electrical Products","https://www.nasdaq.com/symbol/pke",
"PAYC","Paycom Software, Inc.","122.59","7185447721.27","n/a","2014","Technology","Computer Software: Prepackaged Software","https://www.nasdaq.com/symbol/payc",
"PCTY","Paylocity Holding Corporation","61.49","3246586036.98","n/a","2014","Technology","Computer Software: Prepackaged Software","https://www.nasdaq.com/symbol/pcty",
"PCTI","PC-Tel, Inc.","4.7","86077261.7","n/a","1999","Technology","Radio And Television Broadcasting And Communications Equipment","https://www.nasdaq.com/symbol/pcti",
"PDFS","PDF Solutions, Inc.","8.41","270304262.56","n/a","2001","Technology","EDP Services","https://www.nasdaq.com/symbol/pdfs",
"PEGA","Pegasystems Inc.","51.05","4017668233.55","n/a","1996","Technology","EDP Services","https://www.nasdaq.com/symbol/pega",
"PNR","Pentair plc.","41.84","7263467095.2","n/a","n/a","Technology","Industrial Machinery/Components","https://www.nasdaq.com/symbol/pnr",
"PRFT","Perficient, Inc.","25.15","834521917.9","n/a","1999","Technology","EDP Services","https://www.nasdaq.com/symbol/prft",
"PERI","Perion Network Ltd","2.91","25074498.06","n/a","n/a","Technology","EDP Services","https://www.nasdaq.com/symbol/peri",
"PRSP","Perspecta Inc.","22.8","3778656175.2","n/a","2018","Technology","EDP Services","https://www.nasdaq.com/symbol/prsp",
"PLAB","Photronics, Inc.","9.36","640114497.36","n/a","1987","Technology","Semiconductors","https://www.nasdaq.com/symbol/plab",
"PVTL","Pivotal Software, Inc.","17.81","4584034615.16","n/a","2018","Technology","Computer Software: Prepackaged Software","https://www.nasdaq.com/symbol/pvtl",
"PXLW","Pixelworks, Inc.","3.85","138269566.05","n/a","2000","Technology","Semiconductors","https://www.nasdaq.com/symbol/pxlw",
"PLXS","Plexus Corp.","57.24","1822407120","n/a","n/a","Technology","Electrical Products","https://www.nasdaq.com/symbol/plxs",
"PS","Pluralsight, Inc.","20.22","2731223981.4","n/a","2018","Technology","Computer Software: Programming, Data Processing","https://www.nasdaq.com/symbol/ps",
"PNTR","Pointer Telocation Ltd.","12.5","101649850","n/a","n/a","Technology","Radio And Television Broadcasting And Communications Equipment","https://www.nasdaq.com/symbol/pntr",
"POWI","Power Integrations, Inc.","56.17","1647437565.64","n/a","1997","Technology","Semiconductors","https://www.nasdaq.com/symbol/powi",
"PSDO","Presidio, Inc.","13.42","1104768902.82","n/a","2017","Technology","Retail: Computer Software & Peripheral Equipment","https://www.nasdaq.com/symbol/psdo",
"IPDN","Professional Diversity Network, Inc.","2.4","11619369.6","n/a","2013","Technology","Computer Software: Programming, Data Processing","https://www.nasdaq.com/symbol/ipdn",
"PRGS","Progress Software Corporation","32.29","1449905180.03","n/a","1991","Technology","Computer Software: Prepackaged Software","https://www.nasdaq.com/symbol/prgs",
"PFPT","Proofpoint, Inc.","89.1","4869129850.2","n/a","2012","Technology","EDP Services","https://www.nasdaq.com/symbol/pfpt",
"PRO","PROS Holdings, Inc.","30.37","1128244011.87","n/a","2007","Technology","EDP Services","https://www.nasdaq.com/symbol/pro",
"PTC","PTC Inc.","84.11","9910657160.43","n/a","n/a","Technology","Computer Software: Prepackaged Software","https://www.nasdaq.com/symbol/ptc",
"PSTG","Pure Storage, Inc. ","19.28","4553443434.56","n/a","2015","Technology","Electronic Components","https://www.nasdaq.com/symbol/pstg",
"QTWO","Q2 Holdings, Inc.","52.44","2274581538.96","n/a","2014","Technology","Computer Software: Prepackaged Software","https://www.nasdaq.com/symbol/qtwo",
"QADA","QAD Inc.","40.83","793548361.92","n/a","n/a","Technology","Computer Software: Prepackaged Software","https://www.nasdaq.com/symbol/qada",
"QADB","QAD Inc.","30.41","596676860.34","n/a","n/a","Technology","Computer Software: Prepackaged Software","https://www.nasdaq.com/symbol/qadb",
"QRVO","Qorvo, Inc.","63.8","7968941105.4","n/a","n/a","Technology","Semiconductors","https://www.nasdaq.com/symbol/qrvo",
"QCOM","QUALCOMM Incorporated","54.49","66050739311.14","n/a","1991","Technology","Radio And Television Broadcasting And Communications Equipment","https://www.nasdaq.com/symbol/qcom",
"QBAK","Qualstar Corporation","5.58","11428498.44","n/a","2000","Technology","Electronic Components","https://www.nasdaq.com/symbol/qbak",
"QLYS","Qualys, Inc.","72.15","2841206971.2","n/a","2012","Technology","Computer Software: Prepackaged Software","https://www.nasdaq.com/symbol/qlys",
"QTNA","Quantenna Communications, Inc.","15.95","596446900.5","n/a","2016","Technology","Semiconductors","https://www.nasdaq.com/symbol/qtna",
"QTM","Quantum Corporation","2.76","95906919.84","n/a","n/a","Technology","Electronic Components","https://www.nasdaq.com/symbol/qtm",
"QRHC","Quest Resource Holding Corporation.","2.14","32770639.62","n/a","n/a","Technology","Diversified Commercial Services","https://www.nasdaq.com/symbol/qrhc",
"QUIK","QuickLogic Corporation","1.04","98364388.72","n/a","1999","Technology","Semiconductors","https://www.nasdaq.com/symbol/quik",
"QUMU","Qumu Corporation","2.49","23725723.47","n/a","n/a","Technology","Computer Software: Prepackaged Software","https://www.nasdaq.com/symbol/qumu",
"RDCM","Radcom Ltd.","8.75","119361593.75","n/a","1997","Technology","Computer peripheral equipment","https://www.nasdaq.com/symbol/rdcm",
"RSYS","RadiSys Corporation","1.51","59827006.34","n/a","1995","Technology","Computer peripheral equipment","https://www.nasdaq.com/symbol/rsys",
"RMBS","Rambus, Inc.","8.39","910322861.43","n/a","1997","Technology","Semiconductors","https://www.nasdaq.com/symbol/rmbs",
"RPD","Rapid7, Inc.","32.34","1530479827.8","n/a","2015","Technology","Computer Software: Prepackaged Software","https://www.nasdaq.com/symbol/rpd",
"RCMT","RCM Technologies, Inc.","3.91","48035237.57","n/a","n/a","Technology","Professional Services","https://www.nasdaq.com/symbol/rcmt",
"RNWK","RealNetworks, Inc.","2.2","82841103.4","n/a","1997","Technology","EDP Services","https://www.nasdaq.com/symbol/rnwk",
"RP","RealPage, Inc.","49.48","4646746710.2","n/a","2010","Technology","Computer Software: Prepackaged Software","https://www.nasdaq.com/symbol/rp",
"RHT","Red Hat, Inc.","172.88","30520721338.56","n/a","n/a","Technology","Computer Software: Programming, Data Processing","https://www.nasdaq.com/symbol/rht",
"RDVT","Red Violet, Inc.","6","61599678","n/a","n/a","Technology","Computer Software: Prepackaged Software","https://www.nasdaq.com/symbol/rdvt",
"SOL","Renesola Ltd.","1.6312","62153124.24","n/a","2008","Technology","Semiconductors","https://www.nasdaq.com/symbol/sol",
"RENN","Renren Inc.","1.4","96314204","n/a","2011","Technology","EDP Services","https://www.nasdaq.com/symbol/renn",
"RCII","Rent-A-Center Inc.","14.42","771682276.82","n/a","1995","Technology","Diversified Commercial Services","https://www.nasdaq.com/symbol/rcii",
"RESN","Resonant Inc.","2.92","78787769.96","n/a","2014","Technology","Semiconductors","https://www.nasdaq.com/symbol/resn",
"RXN","Rexnord Corporation","28.49","2981833570.87","n/a","2012","Technology","Industrial Machinery/Components","https://www.nasdaq.com/symbol/rxn",
"RBBN","Ribbon Communications Inc. ","6.63","706223661.78","n/a","n/a","Technology","EDP Services","https://www.nasdaq.com/symbol/rbbn",
"RNG","Ringcentral, Inc.","75.45","6061119568.5","n/a","2013","Technology","EDP Services","https://www.nasdaq.com/symbol/rng",
"RHI","Robert Half International Inc.","62.76","7623773008.32","n/a","n/a","Technology","Professional Services","https://www.nasdaq.com/symbol/rhi",
"RST","Rosetta Stone","17.65","403512888","n/a","2009","Technology","Computer Software: Prepackaged Software","https://www.nasdaq.com/symbol/rst",
"RBCN","Rubicon Technology, Inc.","7.77","21300545.91","n/a","2007","Technology","Semiconductors","https://www.nasdaq.com/symbol/rbcn",
"RMBL","RumbleOn, Inc.","5.66","87380727.06","n/a","n/a","Technology","EDP Services","https://www.nasdaq.com/symbol/rmbl",
"SABR","Sabre Corporation","24.9","6855288595.5","n/a","2014","Technology","Computer Software: Programming, Data Processing","https://www.nasdaq.com/symbol/sabr",
"SFET","Safe-T Group Ltd.","7.5","4088010","545068","2018","Technology","Computer Software: Prepackaged Software","https://www.nasdaq.com/symbol/sfet",
"SAIL","SailPoint Technologies Holdings, Inc.","24.3","2133260841.6","n/a","2017","Technology","Computer Software: Prepackaged Software","https://www.nasdaq.com/symbol/sail",
"CRM","Salesforce.com Inc","130.5","98749350000","n/a","2004","Technology","Computer Software: Prepackaged Software","https://www.nasdaq.com/symbol/crm",
"SANM","Sanmina Corporation","24.7","1678630549.7","n/a","1993","Technology","Electrical Products","https://www.nasdaq.com/symbol/sanm",
"SAP","SAP SE","101.42","124594470000","n/a","n/a","Technology","Computer Software: Prepackaged Software","https://www.nasdaq.com/symbol/sap",
"SPNS","Sapiens International Corporation N.V.","11.25","561267731.25","n/a","1992","Technology","Computer Software: Prepackaged Software","https://www.nasdaq.com/symbol/spns",
"SCSC","ScanSource, Inc.","40.34","1033013165.76","n/a","n/a","Technology","Retail: Computer Software & Peripheral Equipment","https://www.nasdaq.com/symbol/scsc",
"SAIC","SCIENCE APPLICATIONS INTERNATIONAL CORPORATION","69.49","2942520764.29","n/a","n/a","Technology","EDP Services","https://www.nasdaq.com/symbol/saic",
"SGMS","Scientific Games Corp","20.955","1921708010.145","n/a","n/a","Technology","EDP Services","https://www.nasdaq.com/symbol/sgms",
"SEAC","SeaChange International, Inc.","1.71","61131014.01","n/a","1996","Technology","Radio And Television Broadcasting And Communications Equipment","https://www.nasdaq.com/symbol/seac",
"STX","Seagate Technology PLC","41.89","11988978195.93","n/a","2002","Technology","Electronic Components","https://www.nasdaq.com/symbol/stx",
"SCWX","SecureWorks Corp.","16.59","1357004183.85","n/a","2016","Technology","Computer Software: Prepackaged Software","https://www.nasdaq.com/symbol/scwx",
"SMI","Semiconductor  Manufacturing International Corporation","3.98","4010955445","n/a","2004","Technology","Semiconductors","https://www.nasdaq.com/symbol/smi",
"LEDS","SemiLEDS Corporation","4.5","16005555","n/a","2010","Technology","Semiconductors","https://www.nasdaq.com/symbol/leds",
"SMTC","Semtech Corporation","44.68","2958802400.36","n/a","n/a","Technology","Semiconductors","https://www.nasdaq.com/symbol/smtc",
"SEND","SendGrid, Inc.","40.21","1904229071.42","n/a","2017","Technology","Computer Software: Prepackaged Software","https://www.nasdaq.com/symbol/send",
"SQNS","Sequans Communications S.A.","1.1","104045440.4","n/a","2011","Technology","Semiconductors","https://www.nasdaq.com/symbol/sqns",
"NOW","ServiceNow, Inc.","172.37","30905941000","n/a","2012","Technology","Computer Software: Prepackaged Software","https://www.nasdaq.com/symbol/now",
"SGOC","SGOCO Group, Ltd","0.8949","22232922.447","n/a","2010","Technology","Radio And Television Broadcasting And Communications Equipment","https://www.nasdaq.com/symbol/sgoc",
"SEII","Sharing Economy International Inc.","2.41","17787766.56","n/a","n/a","Technology","Industrial Machinery/Components","https://www.nasdaq.com/symbol/seii",
"SHSP","SharpSpring, Inc.","13.04","111009611.28","n/a","n/a","Technology","Computer Software: Prepackaged Software","https://www.nasdaq.com/symbol/shsp",
"PIXY","ShiftPixy, Inc.","3.77","108771236.99","n/a","2017","Technology","Diversified Commercial Services","https://www.nasdaq.com/symbol/pixy",
"SHOP","Shopify Inc.","135.54","12820146455.7","n/a","2015","Technology","Computer Software: Prepackaged Software","https://www.nasdaq.com/symbol/shop",
"SSTI","ShotSpotter, Inc.","36.06","388449534.66","n/a","2017","Technology","Computer Software: Prepackaged Software","https://www.nasdaq.com/symbol/ssti",
"SSTK","Shutterstock, Inc.","37.5","1313885362.5","n/a","2012","Technology","EDP Services","https://www.nasdaq.com/symbol/sstk",
"SWIR","Sierra Wireless, Inc.","15.925","574063333.025","n/a","n/a","Technology","Radio And Television Broadcasting And Communications Equipment","https://www.nasdaq.com/symbol/swir",
"SIFY","Sify Technologies Limited","1.25","31871168.75","25496935","n/a","Technology","Computer Software: Programming, Data Processing","https://www.nasdaq.com/symbol/sify",
"SGMA","SigmaTron International, Inc.","4.23","17892933.84","n/a","1994","Technology","Electrical Products","https://www.nasdaq.com/symbol/sgma",
"SILC","Silicom Ltd","40.83","308332522.11","n/a","n/a","Technology","Computer Communications Equipment","https://www.nasdaq.com/symbol/silc",
"SLAB","Silicon Laboratories, Inc.","80.86","3488979138.84","n/a","2000","Technology","Semiconductors","https://www.nasdaq.com/symbol/slab",
"SIMO","Silicon Motion Technology Corporation","35.26","1270785068.16","36040416","2005","Technology","Semiconductors","https://www.nasdaq.com/symbol/simo",
"SLP","Simulations Plus, Inc.","20.67","358936286.28","n/a","n/a","Technology","EDP Services","https://www.nasdaq.com/symbol/slp",
"SINA","Sina Corporation","61.1","4366845594.8","n/a","n/a","Technology","Computer Software: Prepackaged Software","https://www.nasdaq.com/symbol/sina",
"SWKS","Skyworks Solutions, Inc.","72.84","13037015737.8","n/a","n/a","Technology","Semiconductors","https://www.nasdaq.com/symbol/swks",
"SGH","SMART Global Holdings, Inc.","28.75","649909505","n/a","2017","Technology","Semiconductors","https://www.nasdaq.com/symbol/sgh",
"SMAR","Smartsheet Inc.","25","2568898600","n/a","2018","Technology","Computer Software: Prepackaged Software","https://www.nasdaq.com/symbol/smar",
"SMSI","Smith Micro Software, Inc.","2.06","51555885.74","n/a","1995","Technology","Computer Software: Prepackaged Software","https://www.nasdaq.com/symbol/smsi",
"SMTX","SMTC Corporation","3.98","91863486.44","n/a","2000","Technology","Electrical Products","https://www.nasdaq.com/symbol/smtx",
"SNAP","Snap Inc.","6.65","8611211456.4","n/a","2017","Technology","Computer Software: Programming, Data Processing","https://www.nasdaq.com/symbol/snap",
"SRAX","Social Reality, Inc.","2.9","29795238","n/a","n/a","Technology","Advertising","https://www.nasdaq.com/symbol/srax",
"SCKT","Socket Mobile, Inc.","1.93","11354400.37","n/a","n/a","Technology","Computer Manufacturing","https://www.nasdaq.com/symbol/sckt",
"SOGO","Sogou Inc.","6.04","2398884524.48","n/a","2017","Technology","EDP Services","https://www.nasdaq.com/symbol/sogo",
"SOHU","Sohu.com Limited ","17.95","709618032.1","39533038","n/a","Technology","EDP Services","https://www.nasdaq.com/symbol/sohu",
"SEDG","SolarEdge Technologies, Inc.","35.19","1609997572.35","n/a","2015","Technology","Semiconductors","https://www.nasdaq.com/symbol/sedg",
"SWI","SolarWinds Corporation","14.7","0","n/a","2018","Technology","Computer Software: Prepackaged Software","https://www.nasdaq.com/symbol/swi",
"SOFO","Sonic Foundry, Inc.","1.5065","7407255.616","n/a","n/a","Technology","Radio And Television Broadcasting And Communications Equipment","https://www.nasdaq.com/symbol/sofo",
"SPA","Sparton Corporation","13.92","136899344.16","n/a","n/a","Technology","Electrical Products","https://www.nasdaq.com/symbol/spa",
"ANY","Sphere 3D Corp.","1.71","3304116.72","n/a","n/a","Technology","EDP Services","https://www.nasdaq.com/symbol/any",
"SPI","SPI Energy Co., Ltd.","0.271","19649320.307","n/a","n/a","Technology","Semiconductors","https://www.nasdaq.com/symbol/spi",
"SPLK","Splunk Inc.","96.36","14128861124.4","n/a","2012","Technology","Computer Software: Prepackaged Software","https://www.nasdaq.com/symbol/splk",
"SPSC","SPS Commerce, Inc.","91.33","1613310109.92","n/a","2010","Technology","Computer Software: Prepackaged Software","https://www.nasdaq.com/symbol/spsc",
"SPXC","SPX Corporation","29.47","1278764096.61","n/a","n/a","Technology","Industrial Machinery/Components","https://www.nasdaq.com/symbol/spxc",
"FLOW","SPX FLOW, Inc.","36.8","1565912459.2","n/a","2015","Technology","Industrial Machinery/Components","https://www.nasdaq.com/symbol/flow",
"SQ","Square, Inc.","69.83","28874537687.32","n/a","2015","Technology","Computer Software: Prepackaged Software","https://www.nasdaq.com/symbol/sq",
"SSNC","SS&C Technologies Holdings, Inc.","48.03","11550349115.16","n/a","2010","Technology","Computer Software: Prepackaged Software","https://www.nasdaq.com/symbol/ssnc",
"STAF","Staffing 360 Solutions, Inc.","1.8807","9238707.4239","n/a","n/a","Technology","Professional Services","https://www.nasdaq.com/symbol/staf",
"SXI","Standex International Corporation","78.39","1005652845.99","n/a","n/a","Technology","Industrial Machinery/Components","https://www.nasdaq.com/symbol/sxi",
"SRT","StarTek, Inc.","6.07","224547868.13","n/a","1997","Technology","Professional Services","https://www.nasdaq.com/symbol/srt",
"STLR","Stellar Acquisition III Inc.","10.07","28372104.16","n/a","2016","Technology","EDP Services","https://www.nasdaq.com/symbol/stlr",
"STLRU","Stellar Acquisition III Inc.","10.5","0","n/a","2016","Technology","EDP Services","https://www.nasdaq.com/symbol/stlru",
"STLRW","Stellar Acquisition III Inc.","0.2461","0","n/a","2016","Technology","EDP Services","https://www.nasdaq.com/symbol/stlrw",
"STM","STMicroelectronics N.V.","13.72","12383411992.28","n/a","n/a","Technology","Semiconductors","https://www.nasdaq.com/symbol/stm",
"STNE","StoneCo Ltd.","25.01","6929598956.29","n/a","2018","Technology","EDP Services","https://www.nasdaq.com/symbol/stne",
"SSYS","Stratasys, Ltd.","23.03","1239244300","n/a","1994","Technology","Computer peripheral equipment","https://www.nasdaq.com/symbol/ssys",
"STRM","Streamline Health Solutions, Inc.","0.8609","17247654.5614","n/a","n/a","Technology","EDP Services","https://www.nasdaq.com/symbol/strm",
"WISA","Summit Wireless Technologies, Inc.","4.48","68411114.24","n/a","2018","Technology","Semiconductors","https://www.nasdaq.com/symbol/wisa",
"SPWR","SunPower Corporation","6.34","894479058.5","n/a","2005","Technology","Semiconductors","https://www.nasdaq.com/symbol/spwr",
"SPCB","SuperCom, Ltd.","1.64","24531675.96","n/a","n/a","Technology","Semiconductors","https://www.nasdaq.com/symbol/spcb",
"SCON","Superconductor Technologies Inc.","1.88","5772744.92","n/a","1993","Technology","Radio And Television Broadcasting And Communications Equipment","https://www.nasdaq.com/symbol/scon",
"SPRT","support.com, Inc.","2.79","52768199.07","n/a","2000","Technology","EDP Services","https://www.nasdaq.com/symbol/sprt",
"SVMK","SVMK Inc.","11.5","0","n/a","2018","Technology","Computer Software: Programming, Data Processing","https://www.nasdaq.com/symbol/svmk",
"SWCH","Switch, Inc.","9.34","2360201253.38","n/a","2017","Technology","Computer Software: Programming, Data Processing","https://www.nasdaq.com/symbol/swch",
"SYKE","Sykes Enterprises, Incorporated","28.78","1231248663.22","n/a","1996","Technology","EDP Services","https://www.nasdaq.com/symbol/syke",
"SYMC","Symantec Corporation","21.83","13945007209.01","n/a","1989","Technology","Computer Software: Prepackaged Software","https://www.nasdaq.com/symbol/symc",
"SYNC","Synacor, Inc.","1.575","61370254.575","n/a","2012","Technology","Computer Software: Programming, Data Processing","https://www.nasdaq.com/symbol/sync",
"SYNA","Synaptics Incorporated","33.88","1172881556","n/a","2002","Technology","Semiconductors","https://www.nasdaq.com/symbol/syna",
"SNCR","Synchronoss Technologies, Inc.","5.93","252974197.31","n/a","2018","Technology","EDP Services","https://www.nasdaq.com/symbol/sncr",
"SNX","Synnex Corporation","77.37","3958328272.14","n/a","2003","Technology","Retail: Computer Software & Peripheral Equipment","https://www.nasdaq.com/symbol/snx",
"SNPS","Synopsys, Inc.","89.74","13334296722.18","n/a","1992","Technology","Computer Software: Prepackaged Software","https://www.nasdaq.com/symbol/snps",
"DATA","Tableau Software, Inc.","110.9","9267671681.6","n/a","2013","Technology","Computer Software: Prepackaged Software","https://www.nasdaq.com/symbol/data",
"TSM","Taiwan Semiconductor Manufacturing Company Ltd.","37.06","192193160000","n/a","1997","Technology","Semiconductors","https://www.nasdaq.com/symbol/tsm",
"TTWO","Take-Two Interactive Software, Inc.","109.03","12415472337.25","n/a","1997","Technology","Computer Software: Prepackaged Software","https://www.nasdaq.com/symbol/ttwo",
"TLND","Talend S.A.","41.3","1232106947.4","29833098","2016","Technology","Computer Software: Prepackaged Software","https://www.nasdaq.com/symbol/tlnd",
"TAOP","Taoping Inc.","1.44","58694634.72","n/a","n/a","Technology","Computer Software: Prepackaged Software","https://www.nasdaq.com/symbol/taop",
"TECD","Tech Data Corporation","73.1","2803384634.5","n/a","1986","Technology","Retail: Computer Software & Peripheral Equipment","https://www.nasdaq.com/symbol/tecd",
"TCCO","Technical Communications Corporation","3.64","6730451","n/a","n/a","Technology","Radio And Television Broadcasting And Communications Equipment","https://www.nasdaq.com/symbol/tcco",
"TLRA","Telaria, Inc.","3.31","157462469.33","n/a","2013","Technology","Advertising","https://www.nasdaq.com/symbol/tlra",
"TENB","Tenable Holdings, Inc.","28.47","2649553688.73","n/a","2018","Technology","Computer Software: Prepackaged Software","https://www.nasdaq.com/symbol/tenb",
"TNC","Tennant Company","61.06","1106712500","n/a","n/a","Technology","Industrial Machinery/Components","https://www.nasdaq.com/symbol/tnc",
"TDC","Teradata Corporation","37.64","4449048000","n/a","n/a","Technology","Computer Software: Prepackaged Software","https://www.nasdaq.com/symbol/tdc",
"TXN","Texas Instruments Incorporated","93.47","89781976455.86","n/a","n/a","Technology","Semiconductors","https://www.nasdaq.com/symbol/txn",
"TGH","Textainer Group Holdings Limited","11.68","667506078.24","n/a","2007","Technology","Diversified Commercial Services","https://www.nasdaq.com/symbol/tgh",
"DSGX","The Descartes Systems Group Inc.","29.02","2230609705.32","n/a","n/a","Technology","Computer Software: Prepackaged Software","https://www.nasdaq.com/symbol/dsgx",
"KEYW","The KEYW Holding Corporation","9.23","460188823.12","n/a","2010","Technology","EDP Services","https://www.nasdaq.com/symbol/keyw",
"MIDD","The Middleby Corporation","114.08","6370987200.96","n/a","n/a","Technology","Industrial Machinery/Components","https://www.nasdaq.com/symbol/midd",
"RUBI","The Rubicon Project, Inc.","4.41","223815283.65","n/a","2014","Technology","Computer Software: Programming, Data Processing","https://www.nasdaq.com/symbol/rubi",
"TSG","The Stars Group Inc.","16.76","4559981776.6","n/a","n/a","Technology","Computer Software: Programming, Data Processing","https://www.nasdaq.com/symbol/tsg",
"TTD","The Trade Desk, Inc.","110.93","4760748088.91","n/a","2016","Technology","Computer Software: Programming, Data Processing","https://www.nasdaq.com/symbol/ttd",
"ULTI","The Ultimate Software Group, Inc.","250.04","7818586773.76","n/a","1998","Technology","Computer Software: Prepackaged Software","https://www.nasdaq.com/symbol/ulti",
"TISA","Top Image Systems, Ltd.","0.82","14966412.04","n/a","1996","Technology","Computer peripheral equipment","https://www.nasdaq.com/symbol/tisa",
"TSEM","Tower Semiconductor Ltd.","14.33","1503343505.24","n/a","1994","Technology","Semiconductors","https://www.nasdaq.com/symbol/tsem",
"TACT","TransAct Technologies Incorporated","12.25","90377780.5","n/a","1996","Technology","Computer peripheral equipment","https://www.nasdaq.com/symbol/tact",
"TZOO","Travelzoo","8.85","107180765.85","n/a","n/a","Technology","EDP Services","https://www.nasdaq.com/symbol/tzoo",
"TRT","Trio-Tech International","4.2","14922831","n/a","n/a","Technology","Industrial Machinery/Components","https://www.nasdaq.com/symbol/trt",
"TRIP","TripAdvisor, Inc.","62.67","8627552159.94","n/a","n/a","Technology","Computer Software: Programming, Data Processing","https://www.nasdaq.com/symbol/trip",
"TRTN","Triton International Limited","34.68","2770053382.2","n/a","2016","Technology","Diversified Commercial Services","https://www.nasdaq.com/symbol/trtn",
"TRVG","trivago N.V.","6.81","211417144.62","31045102","2016","Technology","EDP Services","https://www.nasdaq.com/symbol/trvg",
"TBI","TrueBlue, Inc.","24.59","995532567.99","n/a","n/a","Technology","Professional Services","https://www.nasdaq.com/symbol/tbi",
"TRUE","TrueCar, Inc.","10.07","1047327228.3","n/a","2014","Technology","Computer Software: Programming, Data Processing","https://www.nasdaq.com/symbol/true",
"TSRI","TSR, Inc.","5.1563","10116980.2906","n/a","n/a","Technology","EDP Services","https://www.nasdaq.com/symbol/tsri",
"TTEC","TTEC Holdings, Inc.","29.49","1362233840.73","n/a","1996","Technology","Professional Services","https://www.nasdaq.com/symbol/ttec",
"TTMI","TTM Technologies, Inc.","11.97","1241017149.33","n/a","2000","Technology","Electrical Products","https://www.nasdaq.com/symbol/ttmi",
"TCX","Tucows Inc.","55.01","583962285.66","n/a","n/a","Technology","EDP Services","https://www.nasdaq.com/symbol/tcx",
"TWLO","Twilio Inc.","83.34","8238748797.18","n/a","2016","Technology","Computer Software: Prepackaged Software","https://www.nasdaq.com/symbol/twlo",
"TWIN","Twin Disc, Incorporated","18.54","242642472.48","n/a","n/a","Technology","Industrial Machinery/Components","https://www.nasdaq.com/symbol/twin",
"TWTR","Twitter, Inc.","32.01","24367621110.69","n/a","2013","Technology","Computer Software: Programming, Data Processing","https://www.nasdaq.com/symbol/twtr",
"TYL","Tyler Technologies, Inc.","187.02","7260725524.14","n/a","n/a","Technology","Computer Software: Prepackaged Software","https://www.nasdaq.com/symbol/tyl",
"UBNT","Ubiquiti Networks, Inc.","105.96","7672627281.96","n/a","2011","Technology","Radio And Television Broadcasting And Communications Equipment","https://www.nasdaq.com/symbol/ubnt",
"UCTT","Ultra Clean Holdings, Inc.","8.78","342544509.18","n/a","2004","Technology","Semiconductors","https://www.nasdaq.com/symbol/uctt",
"UIS","Unisys Corporation","15.37","784072591.97","n/a","n/a","Technology","EDP Services","https://www.nasdaq.com/symbol/uis",
"UMC","United Microelectronics Corporation","1.68","4095947088.24","n/a","n/a","Technology","Semiconductors","https://www.nasdaq.com/symbol/umc",
"URI","United Rentals, Inc.","121.16","9826393681.52","n/a","1997","Technology","Diversified Commercial Services","https://www.nasdaq.com/symbol/uri",
"UPLD","Upland Software, Inc.","29.23","630136160.11","n/a","2014","Technology","Computer Software: Prepackaged Software","https://www.nasdaq.com/symbol/upld",
"UPWK","Upwork Inc.","17.7","0","n/a","2018","Technology","EDP Services","https://www.nasdaq.com/symbol/upwk",
"VRNS","Varonis Systems, Inc.","58.9","1735471595.7","n/a","2014","Technology","Computer Software: Prepackaged Software","https://www.nasdaq.com/symbol/vrns",
"VECO","Veeco Instruments Inc.","7.75","370395757.75","n/a","1994","Technology","Industrial Machinery/Components","https://www.nasdaq.com/symbol/veco",
"VEEV","Veeva Systems Inc.","89.72","12965382201.64","n/a","2013","Technology","Computer Software: Prepackaged Software","https://www.nasdaq.com/symbol/veev",
"VRNT","Verint Systems Inc.","44.68","2899975461.32","n/a","2002","Technology","EDP Services","https://www.nasdaq.com/symbol/vrnt",
"VRSN","VeriSign, Inc.","153.3","18532194326.1","n/a","1998","Technology","EDP Services","https://www.nasdaq.com/symbol/vrsn",
"VRSK","Verisk Analytics, Inc.","122.25","20124812237.25","n/a","2009","Technology","EDP Services","https://www.nasdaq.com/symbol/vrsk",
"VERI","Veritone, Inc.","6.88","132978421.92","n/a","2017","Technology","EDP Services","https://www.nasdaq.com/symbol/veri",
"VSAT","ViaSat, Inc.","69.73","4159410468.17","n/a","1996","Technology","Radio And Television Broadcasting And Communications Equipment","https://www.nasdaq.com/symbol/vsat",
"VIAV","Viavi Solutions Inc.","9.86","2252244232.96","n/a","n/a","Technology","Semiconductors","https://www.nasdaq.com/symbol/viav",
"VRTU","Virtusa Corporation","46.01","1368401537.94","n/a","2007","Technology","EDP Services","https://www.nasdaq.com/symbol/vrtu",
"VMW","Vmware, Inc.","148.13","60545758532.2","n/a","2007","Technology","Computer Software: Prepackaged Software","https://www.nasdaq.com/symbol/vmw",
"VISI","Volt Information Sciences, Inc.","3.04","63948284.8","n/a","n/a","Technology","Professional Services","https://www.nasdaq.com/symbol/visi",
"VUZI","Vuzix Corporation","5.86","161662761.72","n/a","n/a","Technology","Radio And Television Broadcasting And Communications Equipment","https://www.nasdaq.com/symbol/vuzi",
"WSTG","Wayside Technology Group, Inc.","12.22","54947156.68","n/a","n/a","Technology","Retail: Computer Software & Peripheral Equipment","https://www.nasdaq.com/symbol/wstg",
"WB","Weibo Corporation","54.6","3499168163.4","64087329","2014","Technology","Computer Software: Programming, Data Processing","https://www.nasdaq.com/symbol/wb",
"WBT","Welbilt, Inc.","13.39","1877429481.07","n/a","2016","Technology","Industrial Machinery/Components","https://www.nasdaq.com/symbol/wbt",
"WDC","Western Digital Corporation","43.46","12578396940.48","n/a","n/a","Technology","Electronic Components","https://www.nasdaq.com/symbol/wdc",
"WYY","WidePoint Corporation","0.515","42787022.455","n/a","n/a","Technology","EDP Services","https://www.nasdaq.com/symbol/wyy",
"WIT","Wipro Limited","5.04","22689428277.6","n/a","n/a","Technology","EDP Services","https://www.nasdaq.com/symbol/wit",
"WIX","Wix.com Ltd.","88.6","4154311354","n/a","2013","Technology","Computer Software: Programming, Data Processing","https://www.nasdaq.com/symbol/wix",
"WDAY","Workday, Inc.","133.1","28882700000","n/a","n/a","Technology","EDP Services","https://www.nasdaq.com/symbol/wday",
"WK","Workiva Inc.","35.35","1550069502.8","n/a","2014","Technology","Computer Software: Prepackaged Software","https://www.nasdaq.com/symbol/wk",
"WPP","WPP plc","54.31","13705812914.62","n/a","n/a","Technology","Advertising","https://www.nasdaq.com/symbol/wpp",
"XRX","Xerox Corporation","27.31","6507500728.17","n/a","n/a","Technology","Computer peripheral equipment","https://www.nasdaq.com/symbol/xrx",
"XLNX","Xilinx, Inc.","82.33","20833066003.55","n/a","1990","Technology","Semiconductors","https://www.nasdaq.com/symbol/xlnx",
"XPER","Xperi Corporation","13.61","658971171.21","n/a","n/a","Technology","Semiconductors","https://www.nasdaq.com/symbol/xper",
"XNET","Xunlei Limited","6.37","247841545.77","38907621","2014","Technology","Computer Software: Prepackaged Software","https://www.nasdaq.com/symbol/xnet",
"YNDX","Yandex N.V.","27.74","8998796747.36","n/a","2011","Technology","Computer Software: Programming, Data Processing","https://www.nasdaq.com/symbol/yndx",
"YEXT","Yext, Inc.","17.89","1763692269.3","n/a","2017","Technology","EDP Services","https://www.nasdaq.com/symbol/yext",
"YY","YY Inc.","61.07","3023725504.71","49512453","2012","Technology","EDP Services","https://www.nasdaq.com/symbol/yy",
"ZBRA","Zebra Technologies Corporation","177.43","9546537048.18","n/a","1991","Technology","Industrial Machinery/Components","https://www.nasdaq.com/symbol/zbra",
"ZDGE","Zedge, Inc.","1.99","20416108.49","n/a","2016","Technology","Computer Software: Prepackaged Software","https://www.nasdaq.com/symbol/zdge",
"ZEN","Zendesk, Inc.","53.19","5693540257.26","n/a","2014","Technology","EDP Services","https://www.nasdaq.com/symbol/zen",
"ZIXI","Zix Corporation","6.63","359330273.64","n/a","n/a","Technology","EDP Services","https://www.nasdaq.com/symbol/zixi",
"ZS","Zscaler, Inc.","39.34","4803277057.46","n/a","2018","Technology","EDP Services","https://www.nasdaq.com/symbol/zs",
"ZUO","Zuora, Inc.","20.33","2189924810.07","n/a","2018","Technology","Computer Software: Prepackaged Software","https://www.nasdaq.com/symbol/zuo",
"ZNGA","Zynga Inc.","3.54","3051061621.56","n/a","2011","Technology","EDP Services","https://www.nasdaq.com/symbol/znga",
